Country,Country Code,1990_P,1997_P,1998_P,1999_P,2000_P,2001_P,2002_P,2003_P,2004_P,2005_P,2006_P,2007_P,2008_P,2009_P,2010_P,2011_P,2012_P,2013_P,2014_P,2015_P,2016_P,2017_P,2018_P,Region,IncomeGroup,2000_M,2001_M,2002_M,2003_M,2004_M,2005_M,2006_M,2007_M,2008_M,2009_M,2010_M,2011_M,2012_M,2013_M,2014_M,2015_M,2016_M,Government Type,Religion,Population,Area (sq. mi.),Pop. Density (per sq. mi.),Infant mortality (per 1000 births),GDP ($ per capita),Literacy (%),Birthrate,Deathrate
Afghanistan,AFG,3.7,0.0,0.0,0.0,0.0,0.0,0.0,0.0,0.0,27.3,27.3,27.7,27.7,27.3,27.7,27.7,27.7,27.7,27.7,27.7,27.7,27.7,27.7,South Asia,Low income,0.0,0.0,0.0,0.0,0.0,0.0,0.0,0.0,0.0,0.0,0.0,0.0,0.0,0.0,0.0,0.0,0.0,Republic,Muslims,31056997,647500,48.0,163.07,700.0,36.0,46.6,20.34
Angola,AGO,14.5,9.5,15.5,15.5,15.5,15.5,15.5,15.5,15.0,15.0,15.0,15.0,37.3,38.6,38.6,38.2,34.1,34.1,36.8,36.8,36.8,38.2,30.5,Sub-Saharan Africa,Lower middle income,0.0,0.0,0.0,0.0,0.0,0.0,0.0,0.0,0.0,0.0,0.0,0.0,0.0,0.0,0.0,0.0,0.0,Republic,Christians,12127071,1246700,9.7,191.19,1900.0,42.0,45.11,24.2
Albania,ALB,28.8,0.0,0.0,5.2,5.2,5.7,5.7,5.7,6.4,7.1,7.1,7.1,7.1,16.4,16.4,15.7,15.7,17.9,20.0,20.7,22.9,27.9,27.9,Europe & Central Asia,Upper middle income,0.0,0.0,0.0,0.0,0.0,0.0,0.0,0.0,0.0,22.0,0.0,0.0,0.0,0.0,0.0,0.0,0.0,Republic,Muslims,3581655,28748,124.6,21.52,4500.0,86.5,15.11,5.22
Andorra,AND,0.0,7.1,7.1,7.1,7.1,14.3,14.3,14.3,14.3,28.6,28.6,28.6,25.0,35.7,35.7,50.0,50.0,50.0,50.0,39.3,32.1,32.1,32.1,Europe & Central Asia,High income,0.0,0.0,0.0,0.0,0.0,0.0,0.0,0.0,0.0,0.0,0.0,0.0,0.0,0.0,0.0,0.0,0.0,Constitutional Monarchy,Christians,71201,468,152.1,4.05,19000.0,100.0,8.71,6.25
United Arab Emirates,ARE,0.0,0.0,0.0,0.0,0.0,0.0,0.0,0.0,0.0,0.0,5.0,22.5,22.5,22.5,22.5,17.5,17.5,17.5,17.5,22.5,22.5,22.5,22.5,Middle East & North Africa,High income,0.0,0.0,0.0,0.0,0.0,0.0,0.0,0.0,0.0,0.0,0.0,0.0,0.0,0.0,0.0,0.0,0.0,Absolute Monarchy,Muslims,2602713,82880,31.4,14.51,23200.0,77.9,18.96,4.4
Argentina,ARG,6.3,27.6,27.6,0.0,26.5,0.0,30.7,30.7,33.7,36.2,35.0,40.0,40.0,38.5,38.5,37.4,37.4,0.0,36.6,0.0,35.8,38.9,38.9,Latin America & Caribbean,High income,0.0,0.0,0.0,0.0,28.0,26.0,29.0,0.0,29.0,34.0,32.0,30.0,32.0,36.0,38.0,0.0,0.0,Republic,Christians,39921833,2766890,14.4,15.18,11200.0,97.1,16.73,7.55
Armenia,ARM,35.6,6.3,6.3,3.1,3.1,3.1,3.1,4.6,5.3,5.3,5.3,9.2,8.4,9.2,9.2,8.4,10.7,10.7,10.7,10.7,10.7,18.1,18.1,Europe & Central Asia,Upper middle income,0.0,0.0,0.0,0.0,0.0,0.0,0.0,0.0,0.0,0.0,0.0,0.0,0.0,0.0,0.0,0.0,0.0,Republic,Christians,2976372,29800,99.9,23.28,3500.0,98.6,12.07,8.23
Antigua and Barbuda,ATG,0.0,5.3,5.3,0.0,5.3,5.3,5.3,5.3,10.5,10.5,10.5,10.5,10.5,10.5,10.5,10.5,10.5,10.5,11.1,11.1,11.1,11.1,11.1,Latin America & Caribbean,High income,0.0,0.0,0.0,0.0,0.0,0.0,0.0,0.0,0.0,0.0,0.0,0.0,0.0,0.0,0.0,0.0,0.0,Constitutional Monarchy,Christians,69108,443,156.0,19.46,11000.0,89.0,16.93,5.37
Australia,AUS,6.1,15.5,15.5,22.4,23.0,0.0,25.3,25.3,24.7,24.7,24.7,26.7,26.7,27.3,24.7,24.7,24.7,26.0,26.0,26.7,28.7,28.7,28.7,East Asia & Pacific,High income,22.0,25.0,24.0,25.0,26.0,28.0,28.0,29.0,30.0,30.0,29.0,31.0,31.0,31.0,32.0,33.0,32.0,Constitutional Monarchy,Christians,20264082,7686850,2.6,4.69,29000.0,100.0,12.14,7.51
Austria,AUT,11.5,26.2,26.2,0.0,26.8,26.8,0.0,33.9,33.9,33.9,32.2,32.8,27.3,27.9,27.9,27.9,27.9,33.3,32.2,30.6,30.6,30.6,34.4,Europe & Central Asia,High income,28.0,29.0,30.0,28.0,22.0,21.0,20.0,21.0,25.0,23.0,25.0,26.0,27.0,26.0,27.0,27.0,29.0,Republic,Christians,8192880,83870,97.7,4.66,30000.0,98.0,8.74,9.76
Azerbaijan,AZE,0.0,12.0,12.0,12.0,0.0,10.5,10.5,10.5,10.5,13.0,11.3,11.4,11.4,11.4,16.0,16.0,16.0,16.0,15.6,16.9,16.8,16.8,16.8,Europe & Central Asia,Upper middle income,0.0,0.0,0.0,0.0,0.0,0.0,0.0,0.0,0.0,0.0,0.0,0.0,0.0,0.0,0.0,0.0,0.0,Republic,Muslims,7961619,86600,91.9,81.74,3400.0,97.0,20.74,9.75
Burundi,BDI,0.0,0.0,11.9,6.0,14.4,14.4,18.4,18.4,18.4,30.5,30.5,30.5,30.5,31.4,32.1,30.5,30.5,30.5,30.5,36.4,36.4,36.4,36.4,Sub-Saharan Africa,Low income,0.0,0.0,0.0,0.0,0.0,0.0,0.0,0.0,0.0,0.0,0.0,0.0,0.0,0.0,0.0,0.0,0.0,Republic,Christians,8090068,27830,290.7,69.29,600.0,51.6,42.22,13.46
Belgium,BEL,8.5,12.7,12.7,23.3,23.3,23.3,23.3,35.3,34.7,34.7,34.7,35.3,35.3,38.0,39.3,38.0,38.0,38.0,39.3,39.3,39.3,38.0,38.0,Europe & Central Asia,High income,24.0,28.0,27.0,27.0,26.0,30.0,31.0,33.0,31.0,34.0,34.0,30.0,31.0,30.0,31.0,31.0,31.0,Constitutional Monarchy,Christians,10379067,30528,340.0,4.68,29100.0,98.0,10.38,10.27
Benin,BEN,2.9,7.2,7.2,6.0,6.0,6.0,6.0,6.0,7.2,7.2,7.2,10.8,10.8,10.8,10.8,8.4,8.4,8.4,8.4,7.2,7.2,7.2,7.2,Sub-Saharan Africa,Low income,0.0,0.0,0.0,0.0,0.0,0.0,0.0,0.0,0.0,0.0,0.0,0.0,0.0,0.0,0.0,0.0,0.0,Republic,Christians,7862944,112620,69.8,85,1100.0,40.9,38.85,12.22
Burkina Faso,BFA,0.0,9.0,8.1,8.1,8.1,8.1,11.7,11.7,11.7,11.7,11.7,15.3,15.3,15.3,15.3,15.3,15.7,15.7,18.9,9.4,9.4,11.0,11.0,Sub-Saharan Africa,Low income,0.0,0.0,0.0,0.0,0.0,0.0,0.0,0.0,0.0,0.0,0.0,0.0,0.0,0.0,0.0,0.0,0.0,Republic,Muslims,13902972,274200,50.7,97.57,1100.0,26.6,45.62,15.6
Bangladesh,BGD,10.3,9.1,9.1,9.1,9.1,0.0,2.0,2.0,2.0,14.8,15.1,0.0,6.3,18.6,18.6,19.7,19.7,19.7,19.8,20.0,20.0,20.3,20.3,South Asia,Lower middle income,0.0,0.0,0.0,0.0,0.0,0.0,0.0,0.0,0.0,0.0,0.0,0.0,0.0,0.0,0.0,0.0,0.0,Republic,Muslims,147365352,144000,1023.4,62.6,1900.0,43.1,29.8,8.27
Bulgaria,BGR,21.0,10.8,10.8,10.8,10.8,26.2,26.2,26.2,26.3,22.1,22.1,21.7,21.7,20.8,20.8,20.8,22.9,24.6,20.0,20.4,20.4,23.8,23.8,Europe & Central Asia,Upper middle income,37.0,40.0,42.0,37.0,41.0,40.0,37.0,36.0,36.0,35.0,38.0,37.0,35.0,36.0,35.0,37.0,39.0,Republic,Christians,7385367,110910,66.6,20.55,7600.0,98.6,9.65,14.27
Bahrain,BHR,0.0,0.0,0.0,0.0,0.0,0.0,0.0,0.0,0.0,0.0,2.5,2.5,2.5,2.5,2.5,10.0,10.0,10.0,7.5,7.5,7.5,7.5,7.5,Middle East & North Africa,High income,0.0,0.0,0.0,0.0,0.0,0.0,0.0,0.0,0.0,0.0,0.0,0.0,0.0,0.0,0.0,0.0,0.0,Constitutional Monarchy,Muslims,698585,665,1050.5,17.27,16900.0,89.1,17.8,4.14
"Bahamas, The",BHS,4.1,15.0,15.0,15.0,15.0,15.0,0.0,20.0,20.0,20.0,20.0,12.2,12.2,12.2,12.2,12.2,13.2,13.2,13.2,13.2,13.2,12.8,12.8,Latin America & Caribbean,High income,0.0,0.0,0.0,0.0,0.0,0.0,0.0,0.0,0.0,0.0,0.0,0.0,0.0,0.0,0.0,0.0,0.0,Constitutional Monarchy,Christians,303770,13940,21.8,25.21,16700.0,95.6,17.57,9.05
Bosnia and Herzegovina,BIH,0.0,0.0,0.0,0.0,0.0,7.1,0.0,16.7,16.7,16.7,14.3,11.9,11.9,19.0,16.7,21.4,21.4,21.4,21.4,21.4,21.4,21.4,21.4,Europe & Central Asia,Upper middle income,0.0,0.0,0.0,0.0,0.0,0.0,0.0,0.0,0.0,0.0,0.0,0.0,0.0,0.0,24.0,24.0,0.0,Republic,Christians,4498976,51129,88.0,21.05,6100.0,,8.77,8.27
Belarus,BLR,0.0,0.0,0.0,0.0,0.0,10.3,10.3,10.3,29.4,29.1,29.1,29.1,31.8,31.8,31.8,31.8,26.6,26.6,26.6,27.3,34.5,34.5,34.5,Europe & Central Asia,Upper middle income,0.0,0.0,0.0,0.0,0.0,0.0,0.0,0.0,0.0,46.0,0.0,0.0,0.0,0.0,0.0,0.0,0.0,Republic,Christians,10293011,207600,49.6,13.37,6100.0,99.6,11.16,14.02
Belize,BLZ,0.0,3.4,3.4,6.9,6.9,6.9,6.9,3.3,6.7,6.7,6.7,3.3,0.0,0.0,0.0,0.0,3.1,3.1,3.1,3.1,3.1,9.4,9.4,Latin America & Caribbean,Upper middle income,0.0,0.0,0.0,0.0,0.0,0.0,0.0,0.0,0.0,0.0,0.0,0.0,0.0,0.0,0.0,36.0,36.0,Constitutional Monarchy,Christians,287730,22966,12.5,25.69,4900.0,94.1,28.84,5.72
Bolivia,BOL,9.2,0.0,0.0,11.5,11.5,11.5,18.5,18.5,19.2,16.9,16.9,16.9,16.9,22.3,25.4,25.4,25.4,25.4,53.1,53.1,53.1,53.1,53.1,Latin America & Caribbean,Lower middle income,0.0,0.0,0.0,0.0,0.0,0.0,0.0,0.0,0.0,0.0,0.0,0.0,0.0,0.0,0.0,0.0,0.0,Republic,Christians,8989046,1098580,8.2,53.11,2400.0,87.2,23.3,7.53
Brazil,BRA,5.3,6.6,6.6,5.7,5.7,6.8,6.2,8.6,8.6,8.6,8.8,9.0,9.0,8.8,8.6,8.6,8.6,8.6,9.9,9.9,9.9,10.7,10.7,Latin America & Caribbean,Upper middle income,0.0,0.0,0.0,0.0,0.0,0.0,0.0,0.0,0.0,0.0,0.0,0.0,36.0,36.0,37.0,37.0,38.0,Republic,Christians,188078227,8511965,22.1,29.61,7600.0,86.4,16.56,6.17
Barbados,BRB,3.7,10.7,10.7,10.7,10.7,10.7,10.7,13.3,13.3,13.3,13.3,13.3,10.0,10.0,10.0,10.0,10.0,16.7,16.7,16.7,16.7,16.7,20.0,Latin America & Caribbean,High income,0.0,0.0,0.0,0.0,0.0,0.0,0.0,0.0,0.0,0.0,0.0,0.0,0.0,0.0,0.0,0.0,0.0,Constitutional Monarchy,Christians,279912,431,649.5,12.5,15700.0,97.4,12.71,8.67
Bhutan,BTN,2.0,2.0,2.0,2.0,9.3,9.3,9.3,9.3,9.2,9.3,2.7,2.7,8.5,8.5,8.5,8.5,8.5,6.4,8.5,8.5,8.5,8.5,8.5,South Asia,Lower middle income,0.0,0.0,0.0,0.0,0.0,0.0,0.0,0.0,0.0,0.0,0.0,0.0,0.0,0.0,0.0,0.0,0.0,Constitutional Monarchy,Buddhists,2279723,47000,48.5,100.44,1300.0,42.2,33.65,12.7
Botswana,BWA,5.0,8.5,8.5,0.0,17.0,17.0,17.0,17.0,11.1,11.1,11.1,11.1,11.1,7.9,7.9,7.9,7.9,7.9,9.5,9.5,9.5,9.5,9.5,Sub-Saharan Africa,Upper middle income,0.0,0.0,0.0,0.0,0.0,0.0,0.0,0.0,0.0,0.0,0.0,0.0,0.0,0.0,0.0,0.0,0.0,Republic,Christians,1639833,600370,2.7,54.58,9000.0,79.8,23.08,29.5
Central African Republic,CAF,3.8,3.5,3.5,7.3,7.3,7.3,7.3,0.0,0.0,10.5,10.5,10.5,10.5,9.6,9.6,12.5,12.5,0.0,0.0,0.0,7.2,8.6,8.6,Sub-Saharan Africa,Low income,0.0,0.0,0.0,0.0,0.0,0.0,0.0,0.0,0.0,0.0,0.0,0.0,0.0,0.0,0.0,0.0,0.0,Republic,Christians,4303356,622984,6.9,91,1100.0,51.0,33.91,18.65
Canada,CAN,13.3,20.6,20.6,20.6,0.0,20.6,20.6,20.6,21.1,21.1,20.8,21.3,22.1,22.1,22.1,24.8,24.7,24.7,25.1,26.0,26.0,26.3,27.0,North America,High income,0.0,0.0,0.0,0.0,0.0,0.0,0.0,0.0,0.0,0.0,0.0,0.0,0.0,0.0,0.0,0.0,0.0,Constitutional Monarchy,Christians,33098932,9984670,3.3,4.75,29800.0,97.0,10.78,7.8
Switzerland,CHE,14.0,21.0,21.0,22.5,23.0,23.0,23.0,25.0,25.0,25.0,25.0,28.5,28.5,29.0,29.0,28.5,29.0,29.0,31.0,32.0,32.0,32.5,32.5,Europe & Central Asia,High income,16.0,0.0,0.0,0.0,0.0,0.0,0.0,0.0,0.0,0.0,0.0,31.0,31.0,31.0,31.0,33.0,34.0,Republic,Christians,7523934,41290,182.2,4.39,32700.0,99.0,9.71,8.49
Chile,CHL,0.0,7.5,10.8,10.8,10.8,10.8,12.5,12.5,12.5,15.0,15.0,15.0,15.0,14.2,14.2,14.2,14.2,14.2,15.8,15.8,15.8,15.8,22.6,Latin America & Caribbean,High income,0.0,0.0,0.0,0.0,0.0,0.0,0.0,0.0,0.0,0.0,0.0,0.0,0.0,0.0,0.0,0.0,0.0,Republic,Christians,16134219,756950,21.3,8.8,9900.0,96.2,15.23,5.81
"China, People's Republic of",CHN,21.3,0.0,21.8,21.8,21.8,21.8,21.8,20.2,20.2,20.3,20.3,20.6,21.3,21.3,21.3,21.3,21.3,23.4,23.4,23.6,23.6,24.2,24.9,East Asia & Pacific,Upper middle income,0.0,0.0,0.0,0.0,0.0,0.0,0.0,0.0,0.0,0.0,0.0,0.0,0.0,0.0,0.0,0.0,0.0,Republic,Unaffiliated,1313973713,9596960,136.9,24.18,5000.0,90.9,13.25,6.97
Cameroon,CMR,14.4,5.6,5.6,5.6,5.6,5.6,8.9,8.9,8.9,8.9,8.9,13.9,13.9,13.9,13.9,13.9,13.9,31.1,31.1,31.1,31.1,31.1,31.1,Sub-Saharan Africa,Lower middle income,0.0,0.0,0.0,0.0,0.0,0.0,0.0,0.0,0.0,0.0,0.0,0.0,0.0,0.0,0.0,0.0,0.0,Republic,Christians,17340702,475440,36.5,68.26,1800.0,79.0,33.89,13.47
Colombia,COL,4.5,11.7,0.0,11.8,11.8,11.8,12.0,12.0,12.0,12.1,8.4,8.4,8.4,8.4,12.7,12.1,12.1,12.1,19.9,19.9,19.9,18.7,18.1,Latin America & Caribbean,Upper middle income,0.0,0.0,0.0,0.0,0.0,0.0,0.0,0.0,0.0,0.0,0.0,0.0,0.0,0.0,0.0,0.0,0.0,Republic,Christians,43593035,1138910,38.3,20.97,6300.0,92.5,20.48,5.58
Comoros,COM,0.0,0.0,0.0,0.0,0.0,0.0,0.0,0.0,3.0,3.0,3.0,3.0,3.0,0.0,3.0,3.0,3.0,3.0,3.0,3.0,3.0,6.1,6.1,Sub-Saharan Africa,Low income,0.0,0.0,0.0,0.0,0.0,0.0,0.0,0.0,0.0,0.0,0.0,0.0,0.0,0.0,0.0,0.0,0.0,Republic,Muslims,690948,2170,318.4,74.93,700.0,56.5,36.93,8.2
Cape Verde,CPV,12.0,11.1,11.1,11.1,11.1,11.1,11.1,11.1,11.1,11.1,15.3,18.1,18.1,18.1,18.1,20.8,20.8,20.8,20.8,20.8,23.6,23.6,23.6,Sub-Saharan Africa,Lower middle income,0.0,0.0,0.0,0.0,0.0,0.0,0.0,0.0,0.0,0.0,0.0,0.0,0.0,0.0,0.0,0.0,0.0,Republic,Christians,420979,4033,104.4,47.77,1400.0,76.6,24.87,6.55
Costa Rica,CRI,10.5,15.8,19.3,19.3,19.3,19.3,35.1,35.1,35.1,35.1,38.6,36.8,36.8,36.8,38.6,38.6,38.6,38.6,33.3,33.3,33.3,35.1,45.6,Latin America & Caribbean,Upper middle income,0.0,0.0,0.0,0.0,0.0,0.0,0.0,0.0,0.0,0.0,29.0,0.0,29.0,36.0,0.0,0.0,0.0,Republic,Christians,4075261,51100,79.8,9.95,9100.0,96.0,18.32,4.36
Cuba,CUB,33.9,22.8,27.6,27.6,27.6,27.6,27.6,36.0,36.0,36.0,36.0,36.0,43.2,43.2,43.2,45.2,45.2,48.9,48.9,48.9,48.9,48.9,53.2,Latin America & Caribbean,Upper middle income,0.0,0.0,0.0,0.0,0.0,0.0,0.0,0.0,0.0,0.0,0.0,0.0,0.0,0.0,0.0,0.0,0.0,Republic,Christians,11382820,110860,102.7,6.33,2900.0,97.0,11.89,7.22
Cyprus,CYP,1.8,5.4,5.4,5.4,7.1,10.7,10.7,10.7,16.1,16.1,14.3,14.3,14.3,12.5,12.5,10.7,10.7,10.7,12.5,12.5,17.9,17.9,17.9,Europe & Central Asia,High income,18.0,18.0,17.0,17.0,17.0,17.0,17.0,17.0,20.0,13.0,14.0,14.0,16.0,18.0,18.0,25.0,26.0,Republic,Christians,784301,9250,84.8,7.18,19200.0,97.6,12.56,7.68
Czech Republic,CZE,0.0,15.0,15.0,15.0,15.0,15.0,17.0,17.0,17.0,17.0,15.5,15.5,15.5,15.5,22.0,22.0,22.0,19.5,19.5,20.0,20.0,20.0,22.0,Europe & Central Asia,High income,26.0,29.0,27.0,31.0,30.0,31.0,30.0,29.0,29.0,28.0,27.0,24.0,23.0,24.0,26.0,27.0,23.0,Republic,Unaffiliated,10235455,78866,129.8,3.93,15700.0,99.9,9.02,10.59
Germany,DEU,0.0,26.2,26.2,30.9,30.9,31.1,32.2,32.2,32.8,31.8,31.6,31.6,32.2,32.8,32.8,32.9,32.9,36.5,36.5,36.5,36.5,37.0,30.7,Europe & Central Asia,High income,21.0,22.0,23.0,24.0,24.0,24.0,25.0,25.0,26.0,27.0,28.0,27.0,27.0,27.0,27.0,28.0,28.0,Republic,Christians,82422299,357021,230.9,4.16,27600.0,99.0,8.25,10.62
Djibouti,DJI,0.0,0.0,0.0,0.0,0.0,0.0,0.0,10.8,10.8,10.8,10.8,13.8,13.8,13.8,13.8,13.8,13.8,12.7,12.7,12.7,12.7,10.8,26.2,Middle East & North Africa,Lower middle income,0.0,0.0,0.0,0.0,0.0,0.0,0.0,0.0,0.0,0.0,0.0,0.0,0.0,0.0,0.0,0.0,0.0,Republic,Muslims,486530,23000,21.2,104.13,1300.0,67.9,39.53,19.31
Dominica,DMA,10.0,9.4,9.4,9.4,0.0,18.8,18.8,18.8,19.4,12.9,12.9,16.1,18.8,14.3,12.5,12.5,12.5,12.5,12.9,21.9,21.9,25.0,25.0,Latin America & Caribbean,Upper middle income,0.0,0.0,0.0,0.0,0.0,0.0,0.0,0.0,0.0,0.0,0.0,0.0,0.0,0.0,0.0,0.0,0.0,Republic,Christians,68910,754,91.4,14.15,5400.0,94.0,15.27,6.73
Denmark,DNK,30.7,33.0,37.4,37.4,37.4,0.0,38.0,38.0,38.0,36.9,36.9,38.0,38.0,38.0,38.0,39.1,39.1,39.1,39.1,37.4,37.4,37.4,37.4,Europe & Central Asia,High income,19.0,17.0,17.0,20.0,20.0,21.0,20.0,25.0,19.0,20.0,19.0,28.0,28.0,27.0,26.0,26.0,28.0,Constitutional Monarchy,Christians,5450661,43094,126.5,4.56,31100.0,100.0,11.13,10.36
Dominican Republic,DOM,7.5,11.7,16.1,16.1,16.1,16.1,17.3,17.3,17.3,17.3,19.7,19.7,19.7,19.7,20.8,20.8,20.8,20.8,20.8,20.8,26.8,26.8,26.8,Latin America & Caribbean,Upper middle income,0.0,0.0,0.0,0.0,0.0,0.0,0.0,38.0,36.0,45.0,47.0,9.0,53.0,48.0,46.0,52.0,55.0,Republic,Christians,9183984,48730,188.5,32.38,6000.0,84.7,23.22,5.73
Algeria,DZA,2.4,3.2,3.2,3.2,3.4,3.4,6.2,6.2,6.2,6.2,6.2,7.7,7.7,7.7,7.7,8.0,31.6,31.6,31.6,31.6,31.6,25.8,25.8,Middle East & North Africa,Upper middle income,0.0,0.0,0.0,0.0,0.0,0.0,0.0,0.0,0.0,0.0,0.0,0.0,0.0,0.0,6.0,0.0,0.0,Republic,Muslims,32930091,2381740,13.8,31,6000.0,70.0,17.14,4.61
Ecuador,ECU,4.5,3.7,17.4,17.4,14.6,14.6,0.0,16.0,16.0,16.0,25.0,25.0,25.0,32.3,32.3,32.3,32.3,38.7,41.6,41.6,41.6,38.0,38.0,Latin America & Caribbean,Upper middle income,0.0,0.0,0.0,0.0,0.0,0.0,0.0,0.0,0.0,0.0,0.0,42.0,41.0,35.0,35.0,33.0,33.0,Republic,Christians,13547510,283560,47.8,23.66,3300.0,92.5,22.29,4.23
Egypt,EGY,3.9,2.0,2.0,2.0,2.0,2.4,2.4,2.4,2.9,2.0,2.0,1.8,1.8,1.8,12.7,2.0,2.0,0.0,0.0,0.0,14.9,14.9,14.9,Middle East & North Africa,Lower middle income,0.0,0.0,0.0,0.0,0.0,0.0,0.0,0.0,0.0,0.0,0.0,0.0,0.0,0.0,0.0,0.0,0.0,Republic,Muslims,78887007,1001450,78.8,32.59,4000.0,57.7,22.94,5.23
Eritrea,ERI,0.0,21.0,21.0,14.7,14.7,14.7,22.0,22.0,22.0,22.0,22.0,22.0,22.0,22.0,22.0,22.0,22.0,22.0,22.0,22.0,22.0,22.0,22.0,Sub-Saharan Africa,Low income,0.0,0.0,0.0,0.0,0.0,0.0,0.0,0.0,0.0,0.0,0.0,0.0,0.0,0.0,0.0,0.0,0.0,Republic,Christians,4786994,121320,39.5,74.87,700.0,58.6,34.33,9.6
Spain,ESP,14.6,24.7,24.7,21.6,28.3,28.3,28.3,28.3,36.0,36.0,36.0,36.6,36.3,36.6,36.6,36.0,36.0,36.0,39.7,41.1,39.1,39.1,39.1,Europe & Central Asia,High income,15.0,17.0,18.0,15.0,18.0,21.0,23.0,23.0,23.0,24.0,27.0,28.0,28.0,29.0,29.0,30.0,30.0,Constitutional Monarchy,Christians,40397842,504782,80.0,4.42,22000.0,97.9,10.06,9.72
Estonia,EST,0.0,10.9,10.9,17.8,17.8,17.8,17.8,18.8,18.8,18.8,18.8,20.8,20.8,22.8,22.8,19.8,20.8,20.8,19.0,23.8,23.8,26.7,26.7,Europe & Central Asia,High income,34.0,38.0,37.0,34.0,41.0,41.0,39.0,34.0,36.0,34.0,38.0,34.0,31.0,32.0,30.0,27.0,31.0,Republic,Unaffiliated,1324333,45226,29.3,7.87,12300.0,99.8,10.04,13.25
Ethiopia,ETH,0.0,2.0,2.0,2.0,7.7,7.7,7.7,7.7,7.7,21.4,21.9,21.9,21.9,21.9,27.8,27.8,27.8,27.8,27.8,38.8,38.8,38.8,38.8,Sub-Saharan Africa,Low income,0.0,0.0,0.0,0.0,0.0,0.0,0.0,0.0,0.0,18.0,19.0,20.0,20.0,21.0,0.0,0.0,0.0,Republic,Christians,74777981,1127127,66.3,95.32,700.0,42.7,37.98,14.86
Finland,FIN,31.5,33.5,33.5,37.0,36.5,36.5,36.5,37.5,37.5,37.5,38.0,41.5,41.5,40.0,40.0,42.5,42.5,42.5,42.5,41.5,41.5,42.0,42.0,Europe & Central Asia,High income,27.0,29.0,30.0,30.0,30.0,32.0,33.0,32.0,33.0,34.0,34.0,31.0,29.0,29.0,34.0,33.0,34.0,Republic,Christians,5231372,338145,15.5,3.57,27400.0,100.0,10.45,9.86
Fiji,FJI,0.0,4.3,4.3,11.3,0.0,5.7,5.7,5.7,8.5,8.5,0.0,0.0,0.0,0.0,0.0,0.0,0.0,0.0,14.0,16.0,16.0,16.0,16.0,East Asia & Pacific,Upper middle income,0.0,0.0,0.0,0.0,0.0,0.0,0.0,0.0,0.0,0.0,0.0,30.0,0.0,0.0,0.0,0.0,38.0,Republic,Christians,905949,18270,49.6,12.62,5800.0,93.7,22.55,5.65
France,FRA,6.9,10.9,10.9,10.9,10.9,10.9,12.1,12.2,12.2,12.2,12.2,18.2,18.2,18.9,18.9,18.9,26.9,26.9,26.2,26.2,26.2,39.0,39.6,Europe & Central Asia,High income,31.0,32.0,34.0,32.0,33.0,36.0,37.0,36.0,36.0,37.0,38.0,39.0,39.0,35.0,32.0,30.0,31.0,Republic,Christians,60876136,547030,111.3,4.26,27600.0,99.0,11.99,9.14
Gabon,GAB,13.3,8.3,8.3,8.3,9.2,9.2,9.2,9.2,9.2,9.2,12.5,16.7,16.7,14.7,14.7,14.2,15.8,15.8,15.0,14.2,14.2,17.1,17.1,Sub-Saharan Africa,Upper middle income,0.0,0.0,0.0,0.0,0.0,0.0,0.0,0.0,0.0,0.0,0.0,0.0,0.0,0.0,0.0,0.0,0.0,Republic,Christians,1424906,267667,5.3,53.64,5500.0,63.2,36.16,12.25
United Kingdom,GBR,6.3,18.2,18.2,18.4,18.4,17.9,17.9,17.9,18.1,19.7,19.7,19.5,19.5,19.5,22.0,22.3,22.5,22.5,22.6,29.4,29.6,32.0,32.2,Europe & Central Asia,High income,34.0,29.0,31.0,31.0,32.0,33.0,34.0,34.0,34.0,35.0,35.0,32.0,32.0,32.0,32.0,32.0,33.0,Constitutional Monarchy,Christians,60609153,244820,247.6,5.16,27700.0,99.0,10.71,10.13
Georgia,GEO,0.0,6.9,6.9,0.0,7.2,7.2,7.2,7.2,9.4,9.4,9.4,9.4,6.0,5.1,6.5,6.6,12.0,12.0,12.0,11.3,0.0,16.0,16.0,Europe & Central Asia,Lower middle income,0.0,0.0,0.0,0.0,0.0,0.0,0.0,0.0,0.0,0.0,0.0,0.0,0.0,0.0,0.0,0.0,0.0,Republic,Christians,4661473,69700,66.9,18.59,2500.0,99.0,10.41,9.23
Ghana,GHA,0.0,9.0,9.0,9.0,0.0,9.0,9.0,9.0,10.9,10.9,10.9,10.9,7.9,8.3,8.3,8.3,0.0,10.9,10.9,10.9,10.9,12.7,12.7,Sub-Saharan Africa,Lower middle income,0.0,0.0,0.0,0.0,0.0,0.0,0.0,0.0,0.0,0.0,0.0,0.0,0.0,26.0,0.0,0.0,0.0,Republic,Christians,22409572,239460,93.6,51.43,2200.0,74.8,30.52,9.72
Guinea,GIN,0.0,7.0,8.8,8.8,8.8,8.8,0.0,19.3,19.3,19.3,19.3,19.3,0.0,0.0,0.0,0.0,0.0,0.0,21.9,21.9,21.9,21.9,21.9,Sub-Saharan Africa,Low income,0.0,0.0,0.0,0.0,0.0,0.0,0.0,0.0,0.0,0.0,0.0,0.0,0.0,0.0,0.0,0.0,0.0,Republic,Muslims,9690222,245857,39.4,90.37,2100.0,35.9,41.76,15.48
"Gambia, The",GMB,7.8,2.0,2.0,2.0,2.0,2.0,5.7,13.2,13.2,13.2,13.2,9.4,9.4,7.5,7.5,7.5,7.5,7.5,9.4,9.4,9.4,10.3,10.3,Sub-Saharan Africa,Low income,0.0,0.0,0.0,0.0,0.0,0.0,0.0,0.0,0.0,0.0,0.0,0.0,33.0,0.0,0.0,0.0,0.0,Republic,Muslims,1641564,11300,145.3,72.02,1700.0,40.1,39.37,12.25
Guinea-Bissau,GNB,20.0,10.0,10.0,0.0,7.8,7.8,7.8,0.0,14.0,14.0,14.0,14.0,10.0,10.0,10.0,10.0,14.0,14.0,13.7,13.7,13.7,13.7,13.7,Sub-Saharan Africa,Low income,0.0,0.0,0.0,0.0,0.0,0.0,0.0,0.0,0.0,0.0,0.0,0.0,0.0,0.0,0.0,0.0,0.0,Republic,Muslims,1442029,36120,39.9,107.17,800.0,42.4,37.22,16.53
Equatorial Guinea,GNQ,13.3,8.8,8.8,5.0,5.0,5.0,5.0,5.0,18.0,18.0,18.0,18.0,6.0,10.0,10.0,10.0,10.0,12.1,24.0,24.0,24.0,24.0,20.0,Sub-Saharan Africa,Upper middle income,0.0,0.0,0.0,0.0,0.0,0.0,0.0,0.0,0.0,0.0,0.0,0.0,0.0,0.0,0.0,0.0,0.0,Republic,Christians,540109,28051,19.3,85.13,2700.0,85.7,35.59,15.06
Greece,GRC,6.7,6.3,6.3,6.3,8.7,8.7,8.7,8.7,14.0,13.0,13.0,14.7,14.7,17.3,17.3,18.7,21.0,21.0,21.0,19.7,19.7,18.3,18.7,Europe & Central Asia,High income,19.0,18.0,15.0,20.0,21.0,23.0,22.0,22.0,26.0,27.0,26.0,22.0,22.0,25.0,27.0,24.0,24.0,Republic,Christians,10688058,131940,81.0,5.53,20000.0,97.5,9.68,10.24
Grenada,GRD,0.0,20.0,20.0,0.0,26.7,26.7,26.7,26.7,26.7,26.7,26.7,26.7,13.3,13.3,13.3,13.3,13.3,33.3,33.3,33.3,33.3,33.3,46.7,Latin America & Caribbean,Upper middle income,0.0,0.0,0.0,0.0,0.0,0.0,0.0,0.0,0.0,0.0,0.0,0.0,0.0,0.0,0.0,0.0,0.0,Constitutional Monarchy,Christians,89703,344,260.8,14.62,5000.0,98.0,22.08,6.88
Guatemala,GTM,7.0,12.5,12.5,7.1,8.8,8.8,8.8,8.2,8.2,8.2,8.2,12.0,12.0,12.0,12.0,13.3,13.3,13.3,13.3,13.9,13.9,12.7,12.7,Latin America & Caribbean,Upper middle income,0.0,0.0,0.0,0.0,0.0,0.0,0.0,0.0,0.0,0.0,33.0,60.0,35.0,29.0,35.0,34.0,39.0,Republic,Christians,12293545,108890,112.9,35.93,4100.0,70.6,29.88,5.2
Guyana,GUY,36.9,0.0,0.0,18.5,18.5,18.3,20.0,20.0,30.8,30.8,29.0,29.0,30.0,30.0,30.0,31.3,31.3,31.3,31.3,30.4,30.4,31.9,31.9,Latin America & Caribbean,Upper middle income,0.0,0.0,0.0,0.0,0.0,0.0,0.0,0.0,0.0,0.0,0.0,0.0,0.0,0.0,0.0,0.0,0.0,Republic,Christians,767245,214970,3.6,33.26,4000.0,98.8,18.28,8.28
Honduras,HND,10.2,0.0,9.4,9.4,9.4,9.4,5.5,5.5,5.5,23.4,23.4,23.4,23.4,18.0,18.0,19.5,19.5,19.5,25.8,25.8,25.8,25.8,21.1,Latin America & Caribbean,Lower middle income,0.0,0.0,0.0,0.0,0.0,0.0,0.0,0.0,0.0,0.0,0.0,0.0,0.0,0.0,0.0,42.0,41.0,Republic,Christians,7326496,112090,65.4,29.32,2600.0,76.2,28.24,5.28
Croatia,HRV,0.0,7.9,7.9,7.9,20.5,20.5,20.5,0.0,21.7,21.7,21.7,20.9,20.9,23.5,23.5,23.8,23.8,23.8,23.8,15.2,12.6,18.5,18.5,Europe & Central Asia,High income,0.0,0.0,26.0,28.0,17.0,28.0,27.0,22.0,32.0,37.0,27.0,23.0,25.0,23.0,24.0,26.0,29.0,Republic,Christians,4494749,56542,79.5,6.84,10600.0,98.5,9.61,11.48
Haiti,HTI,0.0,3.6,3.6,3.6,0.0,3.6,3.6,3.6,3.6,3.6,2.0,4.1,4.1,4.1,11.1,4.2,4.2,4.2,4.2,4.2,0.0,2.5,2.5,Latin America & Caribbean,Low income,0.0,0.0,0.0,0.0,0.0,0.0,0.0,0.0,0.0,0.0,0.0,0.0,0.0,0.0,0.0,0.0,0.0,Republic,Christians,8308504,27750,299.4,73.45,1600.0,52.9,36.44,12.17
Hungary,HUN,20.7,11.4,8.3,8.3,8.3,8.3,9.1,9.8,9.1,9.1,10.4,11.1,11.1,11.1,9.1,8.8,8.8,8.8,10.1,10.1,10.1,10.1,12.6,Europe & Central Asia,High income,34.0,37.0,37.0,37.0,36.0,39.0,40.0,39.0,40.0,39.0,39.0,38.0,36.0,38.0,37.0,39.0,37.0,Republic,Christians,9981334,93030,107.3,8.57,13900.0,99.4,9.72,13.11
Indonesia,IDN,12.4,11.4,11.4,0.0,8.0,8.0,8.0,8.0,11.3,11.3,11.3,11.6,11.6,17.9,18.0,18.2,18.6,18.6,16.9,17.1,17.1,19.8,19.8,East Asia & Pacific,Lower middle income,0.0,0.0,0.0,0.0,0.0,0.0,0.0,0.0,0.0,17.0,19.0,0.0,0.0,16.0,0.0,21.0,0.0,Republic,Muslims,245452739,1919440,127.9,35.6,3200.0,87.9,20.34,6.25
India,IND,5.0,7.2,8.1,8.4,9.0,8.8,8.8,8.8,8.3,8.3,8.3,9.1,9.1,10.8,10.8,11.0,11.0,11.0,11.4,12.0,12.0,11.8,11.8,South Asia,Lower middle income,0.0,0.0,0.0,0.0,0.0,0.0,0.0,0.0,0.0,0.0,0.0,0.0,0.0,0.0,0.0,0.0,0.0,Republic,Hindus,1095351995,3287590,333.2,56.29,2900.0,59.5,22.01,8.18
Ireland,IRL,7.8,12.0,12.0,12.0,12.0,12.0,13.3,13.3,13.3,13.3,13.3,13.3,13.3,13.9,13.9,15.1,15.1,15.7,15.7,16.3,22.2,22.2,22.2,Europe & Central Asia,High income,35.0,39.0,38.0,40.0,39.0,43.0,41.0,41.0,43.0,41.0,40.0,29.0,29.0,30.0,30.0,29.0,30.0,Republic,Christians,4062235,70280,57.8,5.39,29600.0,98.0,14.45,7.82
Iran,IRN,1.5,4.9,4.9,4.9,3.4,3.4,4.1,4.1,4.1,4.1,4.1,4.1,2.8,2.8,2.8,2.8,3.1,3.1,3.1,3.1,5.9,5.9,5.9,Middle East & North Africa,Upper middle income,0.0,0.0,0.0,0.0,0.0,0.0,0.0,0.0,0.0,0.0,0.0,0.0,0.0,0.0,0.0,0.0,0.0,Republic,Muslims,68688433,1648000,41.7,41.58,7000.0,79.4,17,5.55
Iraq,IRQ,10.8,6.4,6.4,6.4,7.6,7.6,7.6,0.0,0.0,0.0,25.5,25.5,25.5,25.5,25.2,25.2,25.2,25.2,25.3,26.5,26.5,25.3,25.5,Middle East & North Africa,Upper middle income,0.0,0.0,0.0,0.0,0.0,0.0,0.0,0.0,0.0,0.0,0.0,0.0,0.0,0.0,0.0,0.0,0.0,Republic,Muslims,26783383,437072,61.3,50.25,1500.0,40.4,31.98,5.37
Iceland,ISL,20.6,25.4,25.4,34.9,34.9,34.9,34.9,30.2,30.2,33.3,33.3,33.3,33.3,42.9,42.9,39.7,39.7,39.7,39.7,41.3,47.6,47.6,38.1,Europe & Central Asia,High income,30.0,30.0,32.0,40.0,38.0,30.0,33.0,33.0,36.0,38.0,37.0,39.0,38.0,37.0,38.0,39.0,34.0,Republic,Christians,299388,103000,2.9,3.31,30900.0,99.9,13.64,6.72
Israel,ISR,6.7,7.5,7.5,11.7,12.5,13.3,14.2,15.0,15.0,15.0,14.2,14.2,14.2,18.3,19.2,20.0,20.0,22.5,22.5,26.7,26.7,27.5,27.5,Middle East & North Africa,High income,0.0,0.0,0.0,0.0,0.0,0.0,0.0,0.0,0.0,30.0,33.0,34.0,31.0,32.0,32.0,31.0,34.0,Republic,Jews,6352117,20770,305.8,7.03,19800.0,95.4,17.97,6.18
Italy,ITA,12.9,11.1,11.1,11.1,11.1,9.8,9.8,11.5,11.5,11.5,17.3,17.3,21.3,21.3,21.3,21.6,21.4,31.4,31.4,31.0,31.0,31.0,35.7,Europe & Central Asia,High income,0.0,0.0,0.0,0.0,18.0,19.0,21.0,22.0,21.0,21.0,21.0,21.0,22.0,22.0,21.0,21.0,22.0,Republic,Christians,58133509,301230,193.0,5.94,26700.0,98.6,8.72,10.4
Jamaica,JAM,5.0,11.7,13.6,13.3,13.3,13.3,0.0,11.7,11.7,11.7,11.7,13.3,13.3,13.3,13.3,12.7,12.7,12.7,12.7,12.7,17.5,17.5,17.5,Latin America & Caribbean,Upper middle income,0.0,0.0,0.0,0.0,0.0,0.0,0.0,0.0,0.0,0.0,0.0,0.0,0.0,0.0,0.0,0.0,0.0,Constitutional Monarchy,Christians,2758124,10991,250.9,12.36,3900.0,87.9,20.82,6.52
Jordan,JOR,0.0,0.0,0.0,0.0,0.0,1.3,1.3,5.5,5.5,5.5,5.5,6.4,6.4,6.4,10.8,10.8,10.8,12.2,12.0,12.0,15.4,15.4,15.4,Middle East & North Africa,Upper middle income,0.0,0.0,0.0,0.0,0.0,0.0,0.0,0.0,0.0,0.0,0.0,0.0,0.0,0.0,0.0,0.0,0.0,Constitutional Monarchy,Muslims,5906760,92300,64.0,17.35,4300.0,91.3,21.25,2.65
Japan,JPN,1.4,4.6,4.6,4.6,7.3,7.3,7.3,7.1,7.1,9.0,9.4,9.4,9.4,11.3,11.3,10.8,7.9,8.1,8.1,9.5,9.5,9.3,10.1,East Asia & Pacific,High income,0.0,0.0,0.0,0.0,0.0,0.0,0.0,0.0,0.0,0.0,0.0,0.0,0.0,0.0,0.0,0.0,0.0,Constitutional Monarchy,Unaffiliated,127463611,377835,337.4,3.26,28200.0,99.0,9.37,9.16
Kazakhstan,KAZ,0.0,13.4,13.4,10.8,10.4,10.4,10.4,10.4,10.4,10.4,10.4,15.9,15.9,17.8,17.8,17.8,24.3,24.3,25.2,26.2,27.1,27.1,27.1,Europe & Central Asia,Upper middle income,0.0,0.0,0.0,0.0,0.0,0.0,0.0,0.0,0.0,0.0,0.0,0.0,0.0,0.0,0.0,0.0,0.0,Republic,Muslims,15233244,2717300,5.6,29.21,6300.0,98.4,16,9.42
Kenya,KEN,1.1,3.0,3.6,3.6,3.6,3.6,3.6,7.1,7.1,7.1,7.3,7.2,9.8,9.8,9.8,9.8,9.8,18.6,19.1,19.7,19.7,21.8,21.8,Sub-Saharan Africa,Lower middle income,0.0,0.0,0.0,0.0,0.0,0.0,0.0,0.0,0.0,0.0,0.0,0.0,0.0,0.0,0.0,0.0,0.0,Republic,Christians,34707817,582650,59.6,61.47,1000.0,85.1,39.72,14.02
Kyrgyzstan,KGZ,0.0,1.4,1.4,1.4,2.3,10.0,10.0,10.0,10.0,0.0,0.0,25.6,25.6,25.6,23.3,23.3,23.3,23.3,23.3,19.2,19.2,19.2,19.2,Europe & Central Asia,Lower middle income,0.0,0.0,0.0,0.0,0.0,0.0,0.0,0.0,0.0,0.0,0.0,0.0,0.0,0.0,0.0,0.0,0.0,Republic,Muslims,5213898,198500,26.3,35.64,1600.0,97.0,22.8,7.08
Cambodia,KHM,0.0,5.8,5.8,8.2,7.4,7.4,7.4,9.8,9.8,9.8,9.8,19.5,16.3,21.1,21.1,20.3,20.3,20.3,20.3,20.3,20.3,20.3,20.0,East Asia & Pacific,Lower middle income,0.0,0.0,0.0,0.0,0.0,0.0,0.0,0.0,0.0,0.0,14.0,0.0,16.0,0.0,0.0,0.0,0.0,Constitutional Monarchy,Buddhists,13881427,181040,76.7,71.48,1900.0,69.4,26.9,9.06
Kiribati,KIR,0.0,0.0,0.0,4.9,4.9,4.8,4.8,0.0,4.8,4.8,7.1,4.3,4.3,4.3,4.3,8.7,8.7,8.7,8.7,8.7,6.5,6.5,6.5,East Asia & Pacific,Lower middle income,0.0,0.0,0.0,0.0,0.0,0.0,0.0,0.0,0.0,0.0,0.0,0.0,0.0,0.0,0.0,0.0,0.0,Republic,Christians,105432,811,130.0,48.52,800.0,,30.65,8.26
Saint Kitts and Nevis,KNA,6.7,13.3,13.3,13.3,13.3,13.3,13.3,13.3,0.0,0.0,0.0,6.7,6.7,6.7,6.7,6.7,6.7,6.7,6.7,13.3,13.3,13.3,13.3,Latin America & Caribbean,High income,0.0,0.0,0.0,0.0,0.0,0.0,0.0,0.0,0.0,0.0,0.0,0.0,0.0,0.0,0.0,0.0,0.0,Constitutional Monarchy,Christians,39129,261,149.9,14.49,8800.0,97.0,18.02,8.33
Kuwait,KWT,0.0,0.0,0.0,0.0,0.0,0.0,0.0,0.0,0.0,1.5,1.5,1.5,3.1,7.7,7.7,7.7,6.2,6.2,1.5,1.5,1.5,3.1,3.1,Middle East & North Africa,High income,0.0,0.0,0.0,0.0,0.0,0.0,0.0,0.0,0.0,0.0,0.0,0.0,0.0,0.0,0.0,0.0,0.0,Constitutional Monarchy,Muslims,2418393,17820,135.7,9.95,19000.0,83.5,21.94,2.41
Laos,LAO,6.3,0.0,21.2,21.2,21.2,21.2,22.9,22.9,22.9,22.9,25.2,25.2,25.2,25.2,25.2,25.0,25.0,25.0,25.0,25.0,27.5,27.5,27.5,East Asia & Pacific,Lower middle income,0.0,0.0,0.0,0.0,0.0,0.0,0.0,0.0,0.0,0.0,0.0,0.0,0.0,0.0,0.0,0.0,0.0,Republic,Buddhists,6368481,236800,26.9,85.22,1700.0,66.4,35.49,11.55
Lebanon,LBN,0.0,2.3,2.3,2.3,2.3,2.3,2.3,2.3,2.3,4.7,4.7,4.7,4.7,3.1,3.1,3.1,3.1,3.1,3.1,3.1,3.1,3.1,4.7,Middle East & North Africa,Upper middle income,0.0,0.0,0.0,0.0,0.0,0.0,0.0,0.0,0.0,0.0,0.0,0.0,0.0,0.0,0.0,0.0,0.0,Republic,Muslims,3874050,10400,372.5,24.52,4800.0,87.4,18.52,6.21
Liberia,LBR,0.0,0.0,0.0,0.0,7.8,7.8,7.8,7.8,5.3,12.5,12.5,12.5,12.5,12.5,12.5,9.6,11.0,11.0,11.0,11.0,11.0,12.3,12.3,Sub-Saharan Africa,Low income,0.0,0.0,0.0,0.0,0.0,0.0,0.0,0.0,0.0,0.0,20.0,0.0,0.0,0.0,0.0,0.0,0.0,Republic,Christians,3042004,111370,27.3,128.87,1000.0,57.5,44.77,23.1
Libya,LBY,0.0,0.0,0.0,0.0,0.0,0.0,0.0,0.0,0.0,4.7,7.7,7.7,7.7,7.7,7.7,0.0,16.5,16.5,16.0,16.0,16.0,16.0,16.0,Middle East & North Africa,Upper middle income,0.0,0.0,0.0,0.0,0.0,0.0,0.0,0.0,0.0,0.0,0.0,0.0,0.0,0.0,0.0,0.0,0.0,,Muslims,5900754,1759540,3.4,24.6,6400.0,82.6,26.49,3.48
Saint Lucia,LCA,0.0,11.8,11.8,11.1,11.1,0.0,11.1,11.1,11.1,11.1,0.0,11.1,11.1,11.1,11.1,16.7,16.7,16.7,16.7,16.7,16.7,16.7,16.7,Latin America & Caribbean,Upper middle income,0.0,0.0,0.0,0.0,0.0,0.0,0.0,0.0,0.0,0.0,0.0,0.0,0.0,0.0,0.0,0.0,0.0,Constitutional Monarchy,Christians,168458,616,273.5,13.53,5400.0,67.0,19.68,5.08
Liechtenstein,LIE,4.0,4.0,4.0,4.0,4.0,12.0,12.0,12.0,12.0,24.0,24.0,24.0,24.0,24.0,24.0,24.0,24.0,20.0,20.0,20.0,20.0,12.0,12.0,Europe & Central Asia,High income,0.0,0.0,0.0,0.0,0.0,0.0,0.0,0.0,0.0,0.0,0.0,0.0,0.0,0.0,0.0,0.0,0.0,Constitutional Monarchy,Christians,33987,160,212.4,4.7,25000.0,100.0,10.21,7.18
Sri Lanka,LKA,4.9,5.3,5.3,4.9,0.0,0.0,4.4,4.4,4.9,4.9,4.9,5.8,5.8,5.8,5.3,5.8,5.8,5.8,5.8,4.9,5.8,5.8,5.8,South Asia,Lower middle income,0.0,0.0,0.0,0.0,0.0,0.0,0.0,0.0,0.0,19.0,23.0,21.0,22.0,23.0,23.0,0.0,0.0,Republic,Buddhists,20222240,65610,308.2,14.35,3700.0,92.3,15.51,6.52
Lesotho,LSO,0.0,4.6,3.8,3.8,3.8,3.8,0.0,11.7,11.7,11.7,11.7,23.5,25.0,24.2,24.2,24.2,26.7,26.7,26.7,25.0,25.0,22.9,22.1,Sub-Saharan Africa,Lower middle income,0.0,0.0,0.0,0.0,0.0,0.0,0.0,0.0,0.0,0.0,0.0,0.0,0.0,0.0,0.0,0.0,0.0,Constitutional Monarchy,Christians,2022331,30355,66.6,84.23,3000.0,84.8,24.75,28.71
Lithuania,LTU,0.0,17.5,17.5,17.5,10.6,10.6,10.6,10.6,22.0,22.0,24.8,22.7,17.7,19.1,19.1,19.1,24.5,24.1,24.1,23.4,21.3,21.3,21.3,Europe & Central Asia,High income,42.0,50.0,48.0,41.0,46.0,44.0,42.0,40.0,41.0,40.0,41.0,36.0,35.0,36.0,35.0,38.0,38.0,Republic,Christians,3585906,65200,55.0,6.89,11400.0,99.6,8.75,10.98
Luxembourg,LUX,13.3,20.0,20.0,16.7,16.7,16.7,16.7,16.7,23.3,23.3,23.3,23.3,23.3,20.0,20.0,25.0,21.7,23.3,28.3,28.3,28.3,28.3,28.3,Europe & Central Asia,High income,24.0,11.0,14.0,11.0,12.0,9.0,21.0,9.0,15.0,15.0,19.0,18.0,16.0,14.0,17.0,13.0,14.0,Constitutional Monarchy,Christians,474413,2586,183.5,4.81,55100.0,100.0,11.94,8.41
Latvia,LVA,0.0,9.0,9.0,17.0,17.0,17.0,18.0,21.0,21.0,21.0,19.0,20.0,20.0,22.0,20.0,23.0,23.0,23.0,18.0,18.0,18.0,16.0,16.0,Europe & Central Asia,High income,37.0,39.0,38.0,45.0,42.0,42.0,40.0,42.0,41.0,41.0,39.0,44.0,44.0,42.0,42.0,44.0,46.0,Republic,Christians,2274735,64589,35.2,9.55,10200.0,99.8,9.24,13.66
Morocco,MAR,0.0,0.6,0.6,0.6,0.6,0.6,10.8,10.8,10.8,10.8,10.8,10.5,10.5,10.5,10.5,17.0,17.0,17.0,17.0,17.0,20.5,20.5,20.5,Middle East & North Africa,Lower middle income,0.0,0.0,0.0,0.0,0.0,0.0,0.0,0.0,0.0,0.0,0.0,0.0,0.0,0.0,0.0,0.0,0.0,Constitutional Monarchy,Muslims,33241259,446550,74.4,41.62,4000.0,51.7,21.98,5.58
Monaco,MCO,11.1,5.6,22.2,22.2,22.2,22.2,22.2,20.8,20.8,20.8,20.8,20.8,25.0,26.1,26.1,19.0,19.0,20.8,20.8,20.8,20.8,20.8,33.3,Europe & Central Asia,High income,0.0,0.0,0.0,0.0,0.0,0.0,0.0,0.0,0.0,0.0,0.0,0.0,0.0,0.0,0.0,0.0,0.0,Constitutional Monarchy,Christians,32543,2,16271.5,5.43,27000.0,99.0,9.19,12.91
Moldova,MDA,0.0,4.8,0.0,8.9,7.9,12.9,12.9,12.9,15.8,21.8,21.8,21.8,21.8,23.8,18.8,19.8,19.8,19.8,17.8,21.8,21.8,22.8,22.8,Europe & Central Asia,Lower middle income,0.0,0.0,0.0,0.0,0.0,0.0,0.0,0.0,0.0,0.0,0.0,0.0,0.0,0.0,46.0,45.0,0.0,Republic,Christians,4466706,33843,132.0,40.42,1800.0,99.1,15.7,12.64
Madagascar,MDG,6.5,3.7,0.0,8.0,8.0,8.0,0.0,3.8,6.9,6.9,6.9,7.9,7.9,0.0,12.5,12.5,17.5,17.5,20.5,20.5,20.5,19.2,19.2,Sub-Saharan Africa,Low income,0.0,0.0,0.0,0.0,0.0,0.0,0.0,0.0,0.0,0.0,0.0,0.0,24.0,0.0,0.0,0.0,0.0,Republic,Christians,18595469,587040,31.7,76.83,800.0,68.9,41.41,11.11
Maldives,MDV,6.3,6.3,6.3,0.0,6.0,6.0,6.0,6.0,6.0,12.0,12.0,12.0,12.0,6.5,6.5,6.5,6.5,6.5,5.9,5.9,5.9,5.9,5.9,South Asia,Upper middle income,0.0,0.0,0.0,0.0,0.0,0.0,0.0,0.0,0.0,0.0,0.0,0.0,0.0,0.0,20.0,0.0,0.0,Republic,Muslims,359008,300,1196.7,56.52,3900.0,97.2,34.81,7.06
Mexico,MEX,12.0,14.2,17.4,18.2,16.0,16.0,16.0,22.6,22.6,24.2,22.6,23.2,23.2,27.6,26.2,26.2,36.8,36.8,37.4,42.4,42.4,42.6,48.2,Latin America & Caribbean,Upper middle income,0.0,0.0,0.0,0.0,0.0,0.0,0.0,0.0,0.0,0.0,0.0,0.0,0.0,34.0,35.0,34.0,35.0,Republic,Christians,107449525,1972550,54.5,20.91,9000.0,92.2,20.69,4.74
Marshall Islands,MHL,0.0,0.0,0.0,0.0,3.0,3.0,3.0,3.0,3.0,3.0,3.0,3.0,3.0,3.0,3.0,3.0,3.0,3.0,3.0,9.1,9.1,9.1,9.1,East Asia & Pacific,Upper middle income,0.0,0.0,0.0,0.0,0.0,0.0,0.0,0.0,0.0,0.0,0.0,0.0,0.0,0.0,0.0,0.0,0.0,Republic,Christians,60422,11854,5.1,29.45,1600.0,93.7,33.05,4.78
Mali,MLI,0.0,12.2,12.2,12.2,12.2,12.2,10.2,10.2,10.2,10.2,10.2,10.2,10.2,10.2,10.2,10.2,10.2,10.2,9.5,8.8,8.8,8.8,8.8,Sub-Saharan Africa,Low income,0.0,0.0,0.0,0.0,0.0,0.0,0.0,0.0,0.0,0.0,0.0,0.0,0.0,0.0,0.0,0.0,3.0,Republic,Muslims,11716829,1240000,9.5,116.79,900.0,46.4,49.82,16.89
Malta,MLT,2.9,5.8,5.8,9.2,9.2,9.2,9.2,7.7,9.2,9.2,9.2,9.2,8.7,8.7,8.7,8.7,8.7,14.3,14.3,12.9,12.9,11.9,11.9,Middle East & North Africa,High income,0.0,0.0,18.0,16.0,12.0,19.0,19.0,18.0,15.0,21.0,23.0,24.0,26.0,28.0,26.0,26.0,28.0,Republic,Christians,400214,316,1266.5,3.89,17700.0,92.8,10.22,8.1
Myanmar,MMR,0.0,0.0,0.0,0.0,0.0,0.0,0.0,0.0,0.0,0.0,0.0,0.0,0.0,0.0,4.3,3.5,6.0,6.0,5.6,12.7,9.9,10.2,10.2,East Asia & Pacific,Lower middle income,0.0,0.0,0.0,0.0,0.0,0.0,0.0,0.0,0.0,0.0,0.0,0.0,0.0,0.0,0.0,28.0,0.0,Republic,Buddhists,47382633,678500,69.8,67.24,1800.0,85.3,17.91,9.83
Mongolia,MNG,24.9,7.9,7.9,7.9,10.5,10.5,10.5,10.5,6.8,6.7,6.6,6.6,4.2,3.9,3.9,3.9,14.9,14.9,14.9,14.5,17.1,17.1,17.1,East Asia & Pacific,Lower middle income,0.0,0.0,0.0,0.0,0.0,0.0,0.0,0.0,41.0,38.0,37.0,37.0,38.0,37.0,34.0,37.0,36.0,Republic,Buddhists,2832224,1564116,1.8,53.79,1800.0,97.8,21.59,6.95
Mozambique,MOZ,15.7,25.2,25.2,0.0,30.0,30.0,30.0,30.0,34.8,34.8,34.8,34.8,34.8,39.2,39.2,39.2,39.2,39.2,0.0,39.6,39.6,39.6,39.6,Sub-Saharan Africa,Low income,0.0,0.0,0.0,0.0,0.0,0.0,0.0,0.0,0.0,0.0,0.0,0.0,0.0,0.0,0.0,0.0,0.0,Republic,Christians,19686505,801590,24.6,130.79,1200.0,47.8,35.18,21.35
Mauritania,MRT,0.0,1.3,3.8,3.8,3.8,0.0,0.0,3.7,3.7,0.0,17.9,22.1,22.1,22.1,22.1,22.1,22.1,22.1,25.2,25.2,25.2,25.2,20.3,Sub-Saharan Africa,Lower middle income,0.0,0.0,0.0,0.0,0.0,0.0,0.0,0.0,0.0,0.0,0.0,0.0,0.0,0.0,0.0,0.0,0.0,Republic,Muslims,3177388,1030700,3.1,70.89,1800.0,41.7,40.99,12.16
Mauritius,MUS,7.1,7.6,7.6,7.6,5.7,5.7,5.7,5.7,5.7,17.1,17.1,17.1,17.1,17.1,18.8,18.8,18.8,18.8,18.8,11.6,11.6,11.6,11.6,Sub-Saharan Africa,Upper middle income,0.0,0.0,0.0,0.0,0.0,0.0,0.0,0.0,0.0,0.0,0.0,21.0,23.0,0.0,0.0,27.0,29.0,Republic,Hindus,1240827,2040,608.3,15.03,11400.0,85.6,15.43,6.86
Malawi,MWI,9.8,5.6,5.6,8.3,9.3,9.3,9.3,9.3,14.0,13.6,13.6,13.0,13.0,20.8,20.8,22.3,22.3,22.3,16.7,16.7,16.7,16.7,16.7,Sub-Saharan Africa,Low income,0.0,0.0,0.0,0.0,0.0,0.0,0.0,0.0,0.0,0.0,0.0,0.0,0.0,0.0,0.0,0.0,0.0,Republic,Christians,13013926,118480,109.8,103.32,600.0,62.7,43.13,19.33
Malaysia,MYS,5.1,7.8,7.8,0.0,10.4,10.4,10.4,10.5,9.1,9.1,9.1,10.0,10.8,9.9,9.9,10.4,10.4,10.4,10.4,10.4,10.4,10.4,13.9,East Asia & Pacific,Upper middle income,0.0,0.0,0.0,0.0,0.0,0.0,0.0,0.0,0.0,26.0,29.0,22.0,20.0,20.0,21.0,22.0,20.0,Constitutional Monarchy,Muslims,24385858,329750,74.0,17.7,9000.0,88.7,22.86,5.05
Namibia,NAM,6.9,22.2,22.2,22.2,25.0,25.0,25.0,26.4,25.0,26.9,26.9,26.9,26.9,26.9,24.4,24.4,24.4,24.4,0.0,41.3,41.3,41.3,46.2,Sub-Saharan Africa,Upper middle income,0.0,0.0,0.0,0.0,0.0,0.0,0.0,0.0,0.0,0.0,0.0,0.0,0.0,0.0,0.0,0.0,0.0,Republic,Christians,2044147,825418,2.5,48.98,7200.0,84.0,24.32,18.86
Niger,NER,5.4,1.2,1.2,0.0,1.2,1.2,1.2,1.2,12.4,12.4,12.4,12.4,12.4,9.7,0.0,13.3,13.3,13.3,13.3,13.3,14.6,17.0,17.0,Sub-Saharan Africa,Low income,0.0,0.0,0.0,0.0,0.0,0.0,0.0,0.0,0.0,0.0,0.0,0.0,0.0,0.0,0.0,0.0,0.0,Republic,Muslims,12525094,1267000,9.9,121.69,800.0,17.6,50.73,20.91
Nigeria,NGA,0.0,0.0,0.0,0.0,3.4,3.4,3.4,4.9,4.7,6.4,6.1,7.0,7.0,7.0,7.0,6.8,6.7,6.7,6.7,5.6,5.6,5.6,5.6,Sub-Saharan Africa,Lower middle income,0.0,0.0,0.0,0.0,0.0,0.0,0.0,0.0,0.0,0.0,0.0,0.0,0.0,0.0,0.0,0.0,0.0,Republic,Christians,131859731,923768,142.7,98.8,900.0,68.0,40.43,16.94
Nicaragua,NIC,14.8,10.8,10.8,9.7,9.7,0.0,20.7,20.7,20.7,20.7,15.2,18.5,18.5,20.7,20.7,40.2,40.2,40.2,42.4,41.3,41.3,45.7,45.7,Latin America & Caribbean,Lower middle income,0.0,0.0,0.0,0.0,0.0,0.0,0.0,0.0,0.0,0.0,0.0,0.0,0.0,0.0,0.0,0.0,0.0,Republic,Christians,5570129,129494,43.0,29.11,2300.0,67.5,24.51,4.45
Netherlands,NLD,21.3,31.3,36.0,36.0,36.0,36.0,34.0,36.7,36.7,36.7,36.7,39.3,41.3,42.0,40.7,40.7,38.7,38.7,38.7,37.3,37.3,36.0,36.0,Europe & Central Asia,High income,21.0,22.0,21.0,21.0,22.0,22.0,25.0,26.0,26.0,26.0,27.0,27.0,28.0,23.0,24.0,24.0,24.0,Constitutional Monarchy,Christians,16491461,41526,397.1,5.04,28600.0,99.0,10.9,8.68
Norway,NOR,35.8,36.4,36.4,36.4,36.4,35.8,36.4,36.4,38.2,37.9,37.9,36.1,36.1,39.6,39.6,39.6,39.6,39.6,39.6,39.6,39.6,39.6,41.4,Europe & Central Asia,High income,24.0,25.0,27.0,28.0,29.0,31.0,33.0,33.0,32.0,34.0,35.0,31.0,31.0,31.0,33.0,33.0,35.0,Constitutional Monarchy,Christians,4610820,323802,14.2,3.7,37800.0,100.0,11.46,9.4
Nepal,NPL,6.1,3.4,3.4,5.9,5.9,5.9,5.9,5.9,5.9,5.9,5.9,17.3,33.2,33.2,33.2,33.2,33.2,33.2,29.5,29.5,29.6,29.6,32.7,South Asia,Low income,0.0,0.0,0.0,0.0,0.0,0.0,0.0,0.0,0.0,0.0,0.0,0.0,0.0,0.0,0.0,0.0,0.0,Republic,Hindus,28287147,147181,192.2,66.98,1400.0,45.2,30.98,9.31
Nauru,NRU,5.6,0.0,0.0,0.0,0.0,0.0,0.0,0.0,0.0,0.0,0.0,0.0,0.0,0.0,0.0,0.0,0.0,5.3,5.3,5.3,5.3,10.5,10.5,East Asia & Pacific,Upper middle income,0.0,0.0,0.0,0.0,0.0,0.0,0.0,0.0,0.0,0.0,0.0,0.0,0.0,0.0,0.0,0.0,0.0,Republic,Christians,13287,21,632.7,9.95,5000.0,,24.76,6.7
New Zealand,NZL,14.4,29.2,29.2,29.2,30.8,30.8,29.2,28.3,28.3,32.2,32.2,33.1,33.6,33.6,33.6,32.2,32.2,32.2,29.8,31.4,31.4,34.2,38.3,East Asia & Pacific,High income,0.0,0.0,0.0,0.0,0.0,0.0,0.0,0.0,0.0,0.0,0.0,0.0,0.0,0.0,0.0,0.0,0.0,Constitutional Monarchy,Christians,4076140,268680,15.2,5.85,21600.0,99.0,13.76,7.53
Oman,OMN,0.0,0.0,0.0,0.0,0.0,0.0,0.0,0.0,2.4,2.4,2.4,0.0,0.0,0.0,0.0,1.2,1.2,1.2,1.2,1.2,1.2,1.2,1.2,Middle East & North Africa,High income,0.0,0.0,0.0,0.0,0.0,0.0,0.0,0.0,0.0,0.0,0.0,0.0,0.0,0.0,0.0,0.0,0.0,Absolute Monarchy,Muslims,3102229,212460,14.6,19.51,13100.0,75.8,36.24,3.81
Pakistan,PAK,10.1,2.3,2.3,0.0,0.0,0.0,21.1,21.6,21.3,21.3,21.3,21.1,22.5,22.2,22.2,22.5,22.5,20.7,20.7,20.6,20.6,20.6,20.6,South Asia,Lower middle income,0.0,0.0,0.0,0.0,0.0,0.0,0.0,0.0,0.0,0.0,0.0,0.0,0.0,4.0,0.0,0.0,3.0,Republic,Muslims,165803560,803940,206.2,72.44,2100.0,45.7,29.74,8.23
Panama,PAN,7.5,9.7,9.7,0.0,9.9,9.9,9.9,9.9,16.7,16.7,16.7,16.7,16.7,8.5,8.5,8.5,8.5,8.5,19.3,18.3,18.3,18.3,18.3,Latin America & Caribbean,High income,0.0,0.0,0.0,0.0,0.0,0.0,0.0,0.0,0.0,31.0,42.0,45.0,48.0,0.0,43.0,0.0,43.0,Republic,Christians,3191319,78200,40.8,20.47,6300.0,92.6,21.74,5.36
Peru,PER,5.6,10.8,10.8,10.8,0.0,17.5,17.5,17.5,18.3,18.3,29.2,29.2,29.2,27.5,27.5,21.5,21.5,21.5,22.3,22.3,27.7,27.7,27.7,Latin America & Caribbean,Upper middle income,0.0,0.0,0.0,0.0,0.0,0.0,0.0,0.0,0.0,0.0,0.0,0.0,0.0,0.0,0.0,0.0,0.0,Republic,Christians,28302603,1285220,22.0,31.94,5100.0,90.9,20.48,6.23
Philippines,PHL,9.1,11.1,12.4,12.4,11.3,17.8,17.8,17.8,15.3,15.3,15.3,20.5,20.5,21.0,22.1,22.9,22.9,27.1,27.3,27.2,29.8,29.5,29.5,East Asia & Pacific,Lower middle income,0.0,61.0,0.0,59.0,58.0,58.0,59.0,59.0,56.0,54.0,53.0,52.0,48.0,47.0,47.0,41.0,32.0,Republic,Christians,89468677,300000,298.2,23.51,4600.0,92.6,24.89,5.41
Palau,PLW,0.0,0.0,0.0,0.0,0.0,0.0,0.0,0.0,0.0,0.0,0.0,0.0,0.0,0.0,0.0,0.0,0.0,0.0,0.0,0.0,0.0,12.5,12.5,East Asia & Pacific,High income,0.0,0.0,0.0,0.0,0.0,0.0,0.0,0.0,0.0,0.0,0.0,0.0,0.0,0.0,0.0,0.0,0.0,Republic,Christians,20579,458,44.9,14.84,9000.0,92.0,18.03,6.8
Papua New Guinea,PNG,0.0,1.8,1.8,1.8,1.8,1.8,0.0,0.9,0.9,0.9,0.9,0.9,0.9,0.9,0.9,0.9,2.7,2.7,2.7,2.7,2.7,0.0,0.0,East Asia & Pacific,Lower middle income,0.0,0.0,0.0,0.0,0.0,0.0,0.0,0.0,0.0,0.0,0.0,0.0,0.0,0.0,0.0,0.0,0.0,Constitutional Monarchy,Christians,5670544,462840,12.3,51.45,2200.0,64.6,29.36,7.25
Poland,POL,13.5,13.0,13.0,13.0,13.0,20.2,20.2,20.2,20.2,20.4,20.4,20.4,20.2,20.0,20.0,23.7,23.7,23.7,24.3,27.4,27.4,28.0,28.0,Europe & Central Asia,High income,31.0,27.0,29.0,33.0,35.0,34.0,36.0,37.0,36.0,36.0,37.0,35.0,35.0,35.0,36.0,37.0,38.0,Republic,Christians,38536869,312685,123.3,8.51,11100.0,99.8,9.85,9.89
"Korea, North",PRK,21.1,20.1,20.1,20.1,20.1,20.1,20.1,0.0,20.1,20.1,20.1,20.1,20.1,15.6,15.6,15.6,15.6,15.6,16.3,16.3,16.3,16.3,16.3,East Asia & Pacific,Low income,0.0,0.0,0.0,0.0,0.0,0.0,0.0,0.0,0.0,0.0,0.0,0.0,0.0,0.0,0.0,0.0,0.0,Republic,Unaffiliated,23113019,120540,191.8,24.04,1300.0,99.0,15.54,7.13
Portugal,PRT,7.6,13.0,13.0,18.7,17.4,18.7,19.1,19.1,19.1,21.3,21.3,28.3,28.3,27.4,27.4,28.7,28.7,28.7,31.3,34.8,34.8,34.8,34.8,Europe & Central Asia,High income,22.0,22.0,28.0,27.0,30.0,29.0,31.0,30.0,31.0,34.0,35.0,26.0,27.0,27.0,31.0,30.0,32.0,Republic,Christians,10605870,92391,114.8,5.05,18000.0,93.3,10.72,10.5
Paraguay,PRY,5.6,2.5,0.0,2.5,2.5,2.5,2.5,8.8,10.0,10.0,10.0,10.0,12.5,12.5,12.5,12.5,12.5,17.5,15.0,15.0,15.0,13.8,15.0,Latin America & Caribbean,Upper middle income,0.0,0.0,0.0,0.0,0.0,0.0,0.0,0.0,0.0,0.0,0.0,0.0,0.0,0.0,0.0,0.0,0.0,Republic,Christians,6506464,406750,16.0,25.63,4700.0,94.0,29.1,4.49
Palestine,PSE,0.0,0.0,0.0,0.0,0.0,0.0,0.0,0.0,0.0,0.0,0.0,0.0,0.0,0.0,0.0,0.0,0.0,0.0,0.0,0.0,0.0,0.0,0.0,Middle East & North Africa,Lower middle income,0.0,0.0,0.0,0.0,0.0,0.0,0.0,0.0,0.0,0.0,0.0,0.0,15.0,0.0,0.0,0.0,0.0,Republic,Muslims,3889249,6220,3968.8419.9,22.9319.62,1400.0,,39.4531.67,3.83.92
Qatar,QAT,0.0,0.0,0.0,0.0,0.0,0.0,0.0,0.0,0.0,0.0,0.0,0.0,0.0,0.0,0.0,0.0,0.0,0.0,0.0,0.0,0.0,0.0,9.8,Middle East & North Africa,High income,0.0,0.0,0.0,0.0,0.0,0.0,0.0,0.0,0.0,0.0,0.0,0.0,0.0,0.0,0.0,0.0,0.0,Absolute Monarchy,Muslims,885359,11437,77.4,18.61,21500.0,82.5,15.56,4.72
Romania,ROU,34.4,7.3,7.3,7.3,0.0,10.7,10.7,10.7,11.4,11.2,11.2,9.4,11.4,11.4,11.4,11.2,13.3,13.3,13.5,13.7,13.7,20.7,20.7,Europe & Central Asia,Upper middle income,0.0,0.0,0.0,0.0,0.0,31.0,33.0,32.0,34.0,36.0,36.0,31.0,30.0,30.0,30.0,31.0,32.0,Republic,Christians,22303552,237500,93.9,26.43,7000.0,98.4,10.7,11.77
Russia,RUS,15.6,10.2,10.2,0.0,7.7,7.6,7.6,7.6,9.8,9.8,9.8,14.0,14.0,14.0,14.0,13.6,13.6,13.6,13.6,13.6,12.7,15.8,15.8,Europe & Central Asia,Upper middle income,0.0,0.0,0.0,0.0,0.0,0.0,0.0,0.0,0.0,0.0,0.0,0.0,0.0,0.0,0.0,0.0,48.0,Republic,Christians,142893540,17075200,8.4,15.39,8900.0,99.6,9.95,14.65
Rwanda,RWA,17.1,17.1,17.1,17.1,25.7,25.7,25.7,48.8,48.8,48.8,48.8,48.8,56.3,56.3,56.3,56.3,56.3,63.8,63.8,63.8,63.8,61.3,61.3,Sub-Saharan Africa,Low income,0.0,0.0,0.0,0.0,0.0,0.0,0.0,0.0,0.0,0.0,0.0,0.0,0.0,0.0,0.0,0.0,0.0,Republic,Christians,8648248,26338,328.4,91.23,1300.0,70.4,40.37,16.09
Saudi Arabia,SAU,0.0,0.0,0.0,0.0,0.0,0.0,0.0,0.0,0.0,0.0,0.0,0.0,0.0,0.0,0.0,0.0,0.0,19.9,19.9,19.9,19.9,19.9,19.9,Middle East & North Africa,High income,0.0,0.0,0.0,0.0,0.0,0.0,0.0,0.0,0.0,0.0,0.0,0.0,0.0,0.0,0.0,0.0,0.0,Absolute Monarchy,Muslims,27019731,1960582,13.8,13.24,11800.0,78.8,29.34,2.58
Sudan,SDN,0.0,5.3,5.3,0.0,0.0,9.7,9.7,9.7,9.7,14.7,17.8,18.1,18.1,18.9,25.6,24.6,24.6,24.6,24.3,30.5,30.5,30.5,30.5,Sub-Saharan Africa,Lower middle income,0.0,0.0,0.0,0.0,0.0,0.0,0.0,0.0,0.0,0.0,0.0,0.0,0.0,0.0,0.0,0.0,0.0,Republic,Muslims,41236378,2505810,16.5,62.5,1900.0,61.1,34.53,8.97
Senegal,SEN,12.5,11.7,12.1,12.1,12.1,16.7,19.2,19.2,19.2,19.2,19.2,22.0,22.0,22.7,22.7,22.7,42.7,42.7,43.3,42.7,42.7,41.8,41.8,Sub-Saharan Africa,Low income,0.0,0.0,0.0,0.0,0.0,0.0,0.0,0.0,0.0,0.0,0.0,0.0,0.0,0.0,0.0,0.0,0.0,Republic,Muslims,11987121,196190,61.1,55.51,1600.0,40.2,32.78,9.42
Singapore,SGP,4.9,4.8,4.8,4.3,4.3,11.8,11.8,16.0,16.0,16.0,21.2,24.5,24.5,23.4,23.4,22.2,24.2,24.2,25.3,23.9,23.8,23.0,23.0,East Asia & Pacific,High income,0.0,0.0,0.0,0.0,0.0,0.0,0.0,0.0,0.0,0.0,0.0,0.0,0.0,0.0,0.0,0.0,0.0,Republic,Buddhists,4492150,693,6482.2,2.29,23700.0,92.5,9.34,4.28
Solomon Islands,SLB,0.0,0.0,2.0,2.0,2.0,0.0,0.0,0.0,0.0,0.0,0.0,0.0,0.0,0.0,0.0,0.0,2.0,2.0,2.0,2.0,2.0,2.0,4.0,East Asia & Pacific,Lower middle income,0.0,0.0,0.0,0.0,0.0,0.0,0.0,0.0,0.0,0.0,0.0,0.0,0.0,0.0,0.0,0.0,0.0,Constitutional Monarchy,Christians,552438,28450,19.4,21.29,1700.0,,30.01,3.92
Sierra Leone,SLE,0.0,0.0,0.0,8.8,8.8,8.8,0.0,14.5,14.5,14.5,14.5,13.2,13.2,13.2,13.2,12.9,12.4,12.4,12.1,12.4,12.4,12.4,12.3,Sub-Saharan Africa,Low income,0.0,0.0,0.0,0.0,0.0,0.0,0.0,0.0,0.0,0.0,0.0,0.0,0.0,0.0,0.0,0.0,0.0,Republic,Muslims,6005250,71740,83.7,143.64,500.0,31.4,45.76,23.03
El Salvador,SLV,11.7,15.5,16.7,16.7,9.5,9.5,9.5,10.7,10.7,10.7,16.7,16.7,16.7,19.0,19.0,19.0,26.2,26.2,27.4,32.1,32.1,32.1,31.0,Latin America & Caribbean,Lower middle income,0.0,0.0,0.0,0.0,0.0,0.0,0.0,0.0,0.0,0.0,0.0,0.0,0.0,42.0,35.0,40.0,34.0,Republic,Christians,6822378,21040,324.3,25.1,4800.0,80.2,26.61,5.78
San Marino,SMR,11.7,11.7,13.3,13.3,13.3,16.7,16.7,16.7,16.7,16.7,11.7,11.7,15.0,16.7,16.7,18.3,16.7,18.3,18.3,16.7,16.7,26.7,26.7,Europe & Central Asia,High income,0.0,0.0,0.0,0.0,0.0,0.0,0.0,0.0,0.0,0.0,0.0,0.0,0.0,0.0,0.0,0.0,0.0,Republic,Christians,29251,61,479.5,5.73,34600.0,96.0,10.02,8.17
Somalia,SOM,4.0,0.0,0.0,0.0,0.0,0.0,0.0,0.0,0.0,8.0,7.8,8.2,8.2,6.9,6.8,6.8,13.8,13.8,13.8,13.8,13.8,24.4,24.4,Sub-Saharan Africa,Low income,0.0,0.0,0.0,0.0,0.0,0.0,0.0,0.0,0.0,0.0,0.0,0.0,0.0,0.0,0.0,0.0,0.0,Republic,Muslims,8863338,637657,13.9,116.7,500.0,37.8,45.13,16.63
Serbia,SRB,0.0,0.0,0.0,0.0,0.0,0.0,0.0,0.0,0.0,0.0,12.0,20.4,21.6,21.6,21.6,22.0,33.2,33.2,34.0,34.0,34.0,34.4,34.4,Europe & Central Asia,Upper middle income,0.0,0.0,0.0,0.0,0.0,0.0,0.0,0.0,0.0,0.0,0.0,0.0,0.0,32.0,31.0,31.0,30.0,Republic,Christians,9396411,88361,106.3,12.89,2200.0,93.0,,
São Tomé and Príncipe,STP,11.8,7.3,7.3,9.1,9.1,9.1,0.0,9.1,9.1,9.1,7.3,1.8,7.3,7.3,18.2,18.2,18.2,18.2,18.2,18.2,18.2,18.2,18.2,Sub-Saharan Africa,Lower middle income,0.0,0.0,0.0,0.0,0.0,0.0,0.0,0.0,0.0,0.0,0.0,0.0,0.0,0.0,0.0,0.0,0.0,Republic,Christians,193413,1001,193.2,43.11,1200.0,79.3,40.25,6.47
Suriname,SUR,7.8,15.7,15.7,15.7,0.0,17.6,17.6,17.6,19.6,25.5,25.5,25.5,25.5,25.5,9.8,11.8,11.8,11.8,11.8,25.5,25.5,25.5,25.5,Latin America & Caribbean,Upper middle income,0.0,0.0,0.0,0.0,0.0,0.0,0.0,0.0,0.0,0.0,0.0,0.0,0.0,0.0,0.0,0.0,0.0,Republic,Christians,439117,163270,2.7,23.57,4000.0,93.0,18.02,7.27
Slovenia,SVN,0.0,7.8,7.8,7.8,0.0,12.2,12.2,12.2,12.2,12.2,12.2,12.2,13.3,14.4,14.4,32.2,32.2,32.2,35.6,36.7,36.7,36.7,24.4,Europe & Central Asia,High income,34.0,36.0,35.0,41.0,40.0,42.0,41.0,37.0,43.0,44.0,43.0,38.0,40.0,38.0,36.0,36.0,41.0,Republic,Christians,2010347,20273,99.2,4.45,19000.0,99.7,8.98,10.31
Sweden,SWE,38.4,40.4,40.4,42.7,42.7,42.7,45.0,45.3,45.3,45.3,47.3,47.0,47.0,46.4,45.0,44.7,44.7,44.7,44.7,43.6,43.6,43.6,46.1,Europe & Central Asia,High income,27.0,31.0,32.0,30.0,31.0,31.0,31.0,31.0,30.0,31.0,31.0,33.0,34.0,35.0,37.0,39.0,39.0,Constitutional Monarchy,Christians,9016596,449964,20.0,2.77,26800.0,99.0,10.27,10.31
Seychelles,SYC,16.0,27.3,23.5,23.5,23.5,23.5,29.4,29.4,29.4,29.4,29.4,23.5,23.5,23.5,23.5,43.8,43.8,43.8,43.8,43.8,21.2,21.2,21.2,Sub-Saharan Africa,High income,0.0,0.0,0.0,0.0,0.0,0.0,0.0,0.0,0.0,0.0,0.0,39.0,0.0,0.0,0.0,0.0,0.0,Republic,Christians,81541,455,179.2,15.53,7800.0,58.0,16.03,6.29
Syria,SYR,9.2,9.6,9.6,10.4,10.4,10.4,10.4,12.0,12.0,12.0,12.0,12.0,12.4,12.4,12.4,12.4,12.0,12.0,12.0,12.4,13.2,13.2,13.2,Middle East & North Africa,Low income,0.0,0.0,0.0,0.0,0.0,0.0,0.0,0.0,0.0,0.0,0.0,0.0,0.0,0.0,0.0,0.0,0.0,Republic,Muslims,18881361,185180,102.0,29.53,3300.0,76.9,27.76,4.81
Chad,TCD,0.0,2.4,2.4,2.4,2.4,2.4,0.0,5.8,6.5,6.5,6.5,5.2,5.2,5.2,5.2,12.8,14.9,14.9,14.9,14.9,14.9,12.8,15.3,Sub-Saharan Africa,Low income,0.0,0.0,0.0,0.0,0.0,0.0,0.0,0.0,0.0,0.0,0.0,0.0,0.0,0.0,0.0,0.0,0.0,Republic,Muslims,9944201,1284000,7.7,93.82,1200.0,47.5,45.73,16.38
Togo,TGO,5.2,1.2,1.2,0.0,4.9,4.9,4.9,7.4,6.2,7.4,8.6,11.1,11.1,11.1,11.1,11.1,11.1,15.4,17.6,17.6,17.6,17.6,17.6,Sub-Saharan Africa,Low income,0.0,0.0,0.0,0.0,0.0,0.0,0.0,0.0,0.0,0.0,0.0,0.0,0.0,0.0,0.0,0.0,0.0,Republic,Christians,5548702,56785,97.7,66.61,1500.0,60.9,37.01,9.83
Thailand,THA,2.8,5.6,5.6,5.6,4.8,9.2,9.2,9.2,8.8,10.6,8.7,11.7,11.7,13.3,13.3,15.8,15.8,15.8,6.1,6.1,6.1,4.8,5.3,East Asia & Pacific,Upper middle income,0.0,0.0,0.0,0.0,0.0,0.0,0.0,0.0,0.0,0.0,0.0,22.0,25.0,27.0,29.0,29.0,29.0,Constitutional Monarchy,Buddhists,64631595,514000,125.7,20.48,7400.0,92.6,13.87,7.04
Tajikistan,TJK,0.0,2.8,2.8,2.8,15.0,12.7,12.7,12.7,12.7,17.5,17.5,17.5,17.5,17.5,19.0,19.0,19.0,19.0,16.9,19.0,19.0,19.0,19.0,Europe & Central Asia,Low income,0.0,0.0,0.0,0.0,0.0,0.0,0.0,0.0,0.0,0.0,0.0,0.0,0.0,0.0,0.0,0.0,0.0,Republic,Muslims,7320815,143100,51.2,110.76,1000.0,99.4,32.65,8.25
Turkmenistan,TKM,26.0,18.0,18.0,0.0,26.0,26.0,26.0,26.0,0.0,16.0,16.0,16.0,0.0,16.8,16.8,16.8,16.8,16.8,26.4,25.8,25.8,25.8,24.8,Europe & Central Asia,Upper middle income,0.0,0.0,0.0,0.0,0.0,0.0,0.0,0.0,0.0,0.0,0.0,0.0,0.0,0.0,0.0,0.0,0.0,Republic,Muslims,5042920,488100,10.3,73.08,5800.0,98.0,27.61,8.6
Tonga,TON,0.0,0.0,0.0,0.0,0.0,0.0,0.0,0.0,0.0,3.4,3.3,3.3,3.1,3.1,0.0,3.6,3.6,3.6,0.0,0.0,0.0,3.8,7.4,East Asia & Pacific,Upper middle income,0.0,0.0,0.0,0.0,0.0,0.0,0.0,0.0,0.0,0.0,0.0,0.0,0.0,0.0,0.0,0.0,0.0,Constitutional Monarchy,Christians,114689,748,153.3,12.62,2200.0,98.5,25.37,5.28
Trinidad and Tobago,TTO,16.7,11.1,11.1,11.1,0.0,11.1,19.4,19.4,19.4,19.4,19.4,26.8,26.8,26.8,28.6,28.6,28.6,28.6,28.6,31.0,31.0,31.0,31.0,Latin America & Caribbean,High income,0.0,0.0,0.0,0.0,0.0,0.0,0.0,0.0,0.0,0.0,0.0,0.0,0.0,0.0,0.0,0.0,0.0,Republic,Christians,1065842,5128,207.9,24.31,9500.0,98.6,12.9,10.57
Tunisia,TUN,4.3,6.7,7.4,11.5,11.5,11.5,11.5,11.5,22.8,22.8,22.8,22.8,22.8,27.6,27.6,26.7,26.7,26.7,31.3,31.3,31.3,31.3,31.3,Middle East & North Africa,Lower middle income,0.0,0.0,0.0,0.0,0.0,0.0,0.0,0.0,0.0,0.0,0.0,0.0,0.0,0.0,0.0,0.0,0.0,Republic,Muslims,10175014,163610,62.2,24.77,6900.0,74.2,15.52,5.13
Turkey,TUR,1.3,2.4,2.4,4.2,4.2,4.2,0.0,4.4,4.4,4.4,4.4,9.1,9.1,9.1,9.1,14.2,14.2,14.4,14.4,14.9,14.9,14.6,17.4,Europe & Central Asia,Upper middle income,0.0,0.0,0.0,0.0,0.0,0.0,17.0,18.0,19.0,20.0,18.0,13.0,14.0,16.0,15.0,14.0,16.0,Republic,Muslims,70413958,780580,90.2,41.04,6700.0,86.5,16.62,5.97
Tuvalu,TUV,7.7,8.3,0.0,0.0,0.0,0.0,0.0,0.0,0.0,0.0,0.0,0.0,0.0,0.0,0.0,6.7,6.7,6.7,6.7,6.7,6.7,6.7,6.7,East Asia & Pacific,Upper middle income,0.0,0.0,0.0,0.0,0.0,0.0,0.0,0.0,0.0,0.0,0.0,0.0,0.0,0.0,0.0,0.0,0.0,Constitutional Monarchy,Christians,11810,26,454.2,20.03,1100.0,,22.18,7.11
Tanzania,TZA,0.0,17.5,17.5,16.4,0.0,22.3,22.3,21.4,21.4,30.4,30.4,30.4,30.4,30.7,0.0,36.0,36.0,36.0,36.0,36.0,36.6,36.4,37.2,Sub-Saharan Africa,Low income,0.0,0.0,0.0,0.0,0.0,0.0,0.0,0.0,0.0,0.0,0.0,0.0,0.0,0.0,0.0,0.0,0.0,Republic,Christians,37445392,945087,39.6,98.54,600.0,78.2,37.71,16.39
Uganda,UGA,12.2,18.1,18.1,17.9,17.8,24.7,24.7,24.7,23.9,23.9,29.8,30.7,30.7,31.5,31.3,35.0,35.0,35.0,35.0,35.0,33.5,34.3,34.3,Sub-Saharan Africa,Low income,0.0,0.0,0.0,0.0,0.0,0.0,0.0,0.0,0.0,0.0,0.0,0.0,31.0,0.0,0.0,0.0,0.0,Republic,Christians,28195754,236040,119.5,67.83,1400.0,69.9,47.35,12.24
Ukraine,UKR,0.0,3.8,0.0,7.8,7.8,7.8,0.0,5.3,5.3,5.3,8.7,8.2,8.2,8.0,8.0,8.0,9.4,9.4,11.7,12.1,12.0,12.3,12.3,Europe & Central Asia,Lower middle income,0.0,0.0,0.0,0.0,0.0,0.0,0.0,0.0,0.0,42.0,42.0,0.0,0.0,39.0,39.0,41.0,0.0,Republic,Christians,46710816,603700,77.4,20.34,5400.0,99.7,8.82,14.39
Uruguay,URY,6.1,7.1,7.1,12.1,12.1,12.1,12.1,12.1,12.1,11.1,11.1,12.1,12.1,14.1,15.2,12.1,12.1,12.1,16.2,16.2,16.2,20.2,20.2,Latin America & Caribbean,High income,0.0,0.0,0.0,0.0,0.0,0.0,0.0,0.0,0.0,0.0,0.0,31.0,36.0,34.0,31.0,34.0,33.0,Republic,Christians,3431932,176220,19.5,11.95,12800.0,98.0,13.91,9.05
United States,USA,6.6,11.7,11.7,13.3,0.0,14.0,13.8,14.3,14.9,15.2,16.3,16.8,17.0,16.8,16.8,16.8,18.0,17.9,19.3,19.4,19.4,19.4,19.6,North America,High income,0.0,0.0,0.0,0.0,0.0,0.0,0.0,0.0,0.0,0.0,0.0,0.0,0.0,0.0,0.0,0.0,0.0,Republic,Christians,298444215,9631420,31.0,6.5,37800.0,97.0,14.14,8.26
Uzbekistan,UZB,0.0,6.0,6.0,0.0,7.2,7.2,7.2,7.2,17.5,17.5,17.5,17.5,17.5,22.0,22.0,22.0,22.0,22.0,22.0,16.0,16.0,16.0,16.0,Europe & Central Asia,Lower middle income,0.0,0.0,0.0,0.0,0.0,0.0,0.0,0.0,0.0,0.0,0.0,0.0,0.0,0.0,0.0,0.0,0.0,Republic,Muslims,27307134,447400,61.0,71.1,1700.0,99.3,26.36,7.84
Saint Vincent and the Grenadines,VCT,9.5,9.5,0.0,4.8,4.8,0.0,22.7,22.7,22.7,18.2,18.2,18.2,18.2,21.7,14.3,17.4,17.4,13.0,13.0,13.0,13.0,13.0,13.0,Latin America & Caribbean,Upper middle income,0.0,0.0,0.0,0.0,0.0,0.0,0.0,0.0,0.0,0.0,0.0,0.0,0.0,0.0,0.0,0.0,0.0,Constitutional Monarchy,Christians,117848,389,303.0,14.78,2900.0,96.0,16.18,5.98
Venezuela,VEN,10.0,5.9,5.9,12.1,0.0,9.7,9.7,9.7,9.7,17.4,18.0,18.6,18.6,17.5,17.0,17.0,17.0,17.0,17.0,17.0,14.4,22.2,22.2,Latin America & Caribbean,Upper middle income,0.0,0.0,0.0,0.0,0.0,0.0,0.0,0.0,0.0,0.0,0.0,0.0,0.0,0.0,0.0,0.0,0.0,Republic,Christians,25730435,912050,28.2,22.2,4800.0,93.4,18.71,4.92
Vietnam,VNM,17.7,26.2,26.2,26.0,26.0,26.0,27.3,27.3,27.3,27.3,27.3,25.8,25.8,25.8,25.8,24.4,24.4,24.4,24.3,24.3,26.7,26.7,26.7,East Asia & Pacific,Lower middle income,0.0,0.0,0.0,0.0,0.0,0.0,0.0,0.0,0.0,0.0,0.0,0.0,0.0,0.0,0.0,0.0,0.0,Republic,Folk Religions,84402966,329560,256.1,25.95,2500.0,90.3,16.86,6.22
Vanuatu,VUT,4.3,0.0,0.0,0.0,0.0,0.0,1.9,1.9,3.8,3.8,3.8,3.8,3.8,3.8,3.8,1.9,0.0,0.0,0.0,0.0,0.0,0.0,0.0,East Asia & Pacific,Lower middle income,0.0,0.0,0.0,0.0,0.0,0.0,0.0,0.0,0.0,0.0,0.0,0.0,0.0,0.0,0.0,0.0,0.0,Republic,Christians,208869,12200,17.1,55.16,2900.0,53.0,22.72,7.82
Samoa,WSM,0.0,4.1,4.1,8.2,8.2,6.1,6.1,6.1,6.1,6.1,6.1,8.2,8.2,8.2,8.2,4.1,4.1,4.1,6.1,6.1,10.0,10.0,10.0,East Asia & Pacific,Upper middle income,0.0,0.0,0.0,0.0,0.0,0.0,0.0,0.0,0.0,0.0,0.0,0.0,41.0,0.0,0.0,0.0,0.0,Republic,Christians,176908,2944,60.1,27.71,5600.0,99.7,16.43,6.62
South Africa,ZAF,2.8,25.0,28.8,30.0,29.8,29.8,29.8,29.8,32.8,32.8,32.8,33.0,33.0,44.5,44.5,42.3,42.3,42.3,41.5,42.0,41.8,42.0,42.3,Sub-Saharan Africa,Upper middle income,0.0,0.0,0.0,0.0,0.0,0.0,0.0,0.0,0.0,0.0,0.0,0.0,0.0,0.0,0.0,29.0,0.0,Republic,Christians,44187637,1219912,36.2,61.81,10700.0,86.4,18.2,22
Zambia,ZMB,6.6,9.7,10.3,10.1,10.1,10.1,12.0,12.0,12.0,12.7,14.6,15.2,15.2,14.0,14.0,11.5,11.5,11.5,10.8,12.7,18.0,18.0,18.0,Sub-Saharan Africa,Lower middle income,0.0,0.0,0.0,0.0,0.0,0.0,0.0,0.0,0.0,0.0,0.0,0.0,0.0,0.0,0.0,0.0,0.0,Republic,Christians,11502010,752614,15.3,88.29,800.0,80.6,41,19.93
Zimbabwe,ZWE,11.0,14.7,14.7,14.0,9.3,10.0,10.0,10.0,10.0,16.0,16.7,16.0,15.2,15.0,15.0,15.0,15.0,31.5,31.5,31.5,31.5,32.6,31.5,Sub-Saharan Africa,Low income,0.0,0.0,0.0,0.0,0.0,0.0,0.0,0.0,0.0,0.0,0.0,0.0,0.0,0.0,0.0,0.0,0.0,Republic,Christians,12236805,390580,31.3,67.69,1900.0,90.7,28.01,21.84
