Country,Country Code,1990_P,1997_P,1998_P,1999_P,2000_P,2001_P,2002_P,2003_P,2004_P,2005_P,2006_P,2007_P,2008_P,2009_P,2010_P,2011_P,2012_P,2013_P,2014_P,2015_P,2016_P,2017_P,2018_P,Region,IncomeGroup,2000_M,2001_M,2002_M,2003_M,2004_M,2005_M,2006_M,2007_M,2008_M,2009_M,2010_M,2011_M,2012_M,2013_M,2014_M,2015_M,2016_M,latest_value_M,Government Type,Religion,Pop. Density (per sq. mi.),Infant mortality (per 1000 births),GDP ($ per capita),Literacy (%),Birthrate,Deathrate
Afghanistan,AFG,3.7,,,,,,,,,27.3,27.3,27.7,27.7,27.3,27.7,27.7,27.7,27.7,27.7,27.7,27.7,27.7,27.7,South Asia,Low income,,,,,,,,,,,,,,,,,,,Republic,Muslims,48.0,163.07,700.0,36.0,46.6,20.34
Angola,AGO,14.5,9.5,15.5,15.5,15.5,15.5,15.5,15.5,15.0,15.0,15.0,15.0,37.3,38.6,38.6,38.2,34.1,34.1,36.8,36.8,36.8,38.2,30.5,Sub-Saharan Africa,Lower middle income,,,,,,,,,,,,,,,,,,,Republic,Christians,9.7,191.19,1900.0,42.0,45.11,24.2
Albania,ALB,28.8,,,5.2,5.2,5.7,5.7,5.7,6.4,7.1,7.1,7.1,7.1,16.4,16.4,15.7,15.7,17.9,20.0,20.7,22.9,27.9,27.9,Europe & Central Asia,Upper middle income,,,,,,,,,,22.47,,,,,,,,22.47,Republic,Muslims,124.6,21.52,4500.0,86.5,15.11,5.22
Andorra,AND,,7.1,7.1,7.1,7.1,14.3,14.3,14.3,14.3,28.6,28.6,28.6,25.0,35.7,35.7,50.0,50.0,50.0,50.0,39.3,32.1,32.1,32.1,Europe & Central Asia,High income,,,,,,,,,,,,,,,,,,,Constitutional Monarchy,Christians,152.1,4.05,19000.0,100.0,8.71,6.25
United Arab Emirates,ARE,0.0,0.0,0.0,0.0,0.0,0.0,0.0,0.0,0.0,0.0,5.0,22.5,22.5,22.5,22.5,17.5,17.5,17.5,17.5,22.5,22.5,22.5,22.5,Middle East & North Africa,High income,,,,,,,,,,,,,,,,,,,Absolute Monarchy,Muslims,31.4,14.51,23200.0,77.9,18.96,4.4
Argentina,ARG,6.3,27.6,27.6,,26.5,,30.7,30.7,33.7,36.2,35.0,40.0,40.0,38.5,38.5,37.4,37.4,,36.6,,35.8,38.9,38.9,Latin America & Caribbean,High income,,,,,28.61,26.26,29.41,,29.93,34.43,32.14,30.15,32.34,36.49,38.64,,,38.64,Republic,Christians,14.4,15.18,11200.0,97.1,16.73,7.55
Armenia,ARM,35.6,6.3,6.3,3.1,3.1,3.1,3.1,4.6,5.3,5.3,5.3,9.2,8.4,9.2,9.2,8.4,10.7,10.7,10.7,10.7,10.7,18.1,18.1,Europe & Central Asia,Upper middle income,,,,,,,,,,,,,,,,,,,Republic,Christians,99.9,23.28,3500.0,98.6,12.07,8.23
Antigua and Barbuda,ATG,0.0,5.3,5.3,,5.3,5.3,5.3,5.3,10.5,10.5,10.5,10.5,10.5,10.5,10.5,10.5,10.5,10.5,11.1,11.1,11.1,11.1,11.1,Latin America & Caribbean,High income,,,,,,,,,,,,,,,,,,,Constitutional Monarchy,Christians,156.0,19.46,11000.0,89.0,16.93,5.37
Australia,AUS,6.1,15.5,15.5,22.4,23.0,,25.3,25.3,24.7,24.7,24.7,26.7,26.7,27.3,24.7,24.7,24.7,26.0,26.0,26.7,28.7,28.7,28.7,East Asia & Pacific,High income,22.9,25.08,24.83,25.89,26.59,28.3,28.59,29.31,30.72,30.47,29.68,31.73,31.06,31.58,32.33,33.17,32.58,32.58,Constitutional Monarchy,Christians,2.6,4.69,29000.0,100.0,12.14,7.51
Austria,AUT,11.5,26.2,26.2,,26.8,26.8,,33.9,33.9,33.9,32.2,32.8,27.3,27.9,27.9,27.9,27.9,33.3,32.2,30.6,30.6,30.6,34.4,Europe & Central Asia,High income,28.13,29.38,30.78,28.5,22.18,21.5,20.96,21.0,25.19,23.25,25.42,26.07,27.13,26.33,27.85,27.88,29.52,29.52,Republic,Christians,97.7,4.66,30000.0,98.0,8.74,9.76
Azerbaijan,AZE,,12.0,12.0,12.0,,10.5,10.5,10.5,10.5,13.0,11.3,11.4,11.4,11.4,16.0,16.0,16.0,16.0,15.6,16.9,16.8,16.8,16.8,Europe & Central Asia,Upper middle income,,,,,,,,,,,,,,,,,,,Republic,Muslims,91.9,81.74,3400.0,97.0,20.74,9.75
Burundi,BDI,,,11.9,6.0,14.4,14.4,18.4,18.4,18.4,30.5,30.5,30.5,30.5,31.4,32.1,30.5,30.5,30.5,30.5,36.4,36.4,36.4,36.4,Sub-Saharan Africa,Low income,,,,,,,,,,,,,,,,,,,Republic,Christians,290.7,69.29,600.0,51.6,42.22,13.46
Belgium,BEL,8.5,12.7,12.7,23.3,23.3,23.3,23.3,35.3,34.7,34.7,34.7,35.3,35.3,38.0,39.3,38.0,38.0,38.0,39.3,39.3,39.3,38.0,38.0,Europe & Central Asia,High income,24.53,28.38,27.97,27.33,26.91,30.24,31.13,33.54,31.9,34.57,34.77,30.45,31.67,30.75,31.3,31.04,31.98,31.98,Constitutional Monarchy,Christians,340.0,4.68,29100.0,98.0,10.38,10.27
Benin,BEN,2.9,7.2,7.2,6.0,6.0,6.0,6.0,6.0,7.2,7.2,7.2,10.8,10.8,10.8,10.8,8.4,8.4,8.4,8.4,7.2,7.2,7.2,7.2,Sub-Saharan Africa,Low income,,,,,,,,,,,,,,,,,,,Republic,Christians,69.8,85.0,1100.0,40.9,38.85,12.22
Burkina Faso,BFA,,9.0,8.1,8.1,8.1,8.1,11.7,11.7,11.7,11.7,11.7,15.3,15.3,15.3,15.3,15.3,15.7,15.7,18.9,9.4,9.4,11.0,11.0,Sub-Saharan Africa,Low income,,,,,,,,,,,,,,,,,,,Republic,Muslims,50.7,97.57,1100.0,26.6,45.62,15.6
Bangladesh,BGD,10.3,9.1,9.1,9.1,9.1,,2.0,2.0,2.0,14.8,15.1,,6.3,18.6,18.6,19.7,19.7,19.7,19.8,20.0,20.0,20.3,20.3,South Asia,Lower middle income,,,,,,,,,,,,,,,,,,,Republic,Muslims,1023.4,62.6,1900.0,43.1,29.8,8.27
Bulgaria,BGR,21.0,10.8,10.8,10.8,10.8,26.2,26.2,26.2,26.3,22.1,22.1,21.7,21.7,20.8,20.8,20.8,22.9,24.6,20.0,20.4,20.4,23.8,23.8,Europe & Central Asia,Upper middle income,37.46,40.52,42.31,37.8,41.43,40.61,37.56,36.41,36.51,35.79,38.63,37.0,35.5,36.0,35.36,37.38,39.28,39.28,Republic,Christians,66.6,20.55,7600.0,98.6,9.65,14.27
Bahrain,BHR,,,,,,,,0.0,0.0,0.0,2.5,2.5,2.5,2.5,2.5,10.0,10.0,10.0,7.5,7.5,7.5,7.5,7.5,Middle East & North Africa,High income,,,,,,,,,,,,,,,,,,,Constitutional Monarchy,Muslims,1050.5,17.27,16900.0,89.1,17.8,4.14
"Bahamas, The",BHS,4.1,15.0,15.0,15.0,15.0,15.0,,20.0,20.0,20.0,20.0,12.2,12.2,12.2,12.2,12.2,13.2,13.2,13.2,13.2,13.2,12.8,12.8,Latin America & Caribbean,High income,,,,,,,,,,,,,,,,,,,Constitutional Monarchy,Christians,21.8,25.21,16700.0,95.6,17.57,9.05
Bosnia and Herzegovina,BIH,,,,,,7.1,,16.7,16.7,16.7,14.3,11.9,11.9,19.0,16.7,21.4,21.4,21.4,21.4,21.4,21.4,21.4,21.4,Europe & Central Asia,Upper middle income,,,,,,,,,,,,,,,24.15,24.18,,24.18,Republic,Christians,88.0,21.05,6100.0,,8.77,8.27
Belarus,BLR,,,,,,10.3,10.3,10.3,29.4,29.1,29.1,29.1,31.8,31.8,31.8,31.8,26.6,26.6,26.6,27.3,34.5,34.5,34.5,Europe & Central Asia,Upper middle income,,,,,,,,,,46.97,,,,,,,,46.97,Republic,Christians,49.6,13.37,6100.0,99.6,11.16,14.02
Belize,BLZ,0.0,3.4,3.4,6.9,6.9,6.9,6.9,3.3,6.7,6.7,6.7,3.3,0.0,0.0,0.0,0.0,3.1,3.1,3.1,3.1,3.1,9.4,9.4,Latin America & Caribbean,Upper middle income,,,,,,,,,,,,,,,,36.61,36.36,36.36,Constitutional Monarchy,Christians,12.5,25.69,4900.0,94.1,28.84,5.72
Bolivia,BOL,9.2,,,11.5,11.5,11.5,18.5,18.5,19.2,16.9,16.9,16.9,16.9,22.3,25.4,25.4,25.4,25.4,53.1,53.1,53.1,53.1,53.1,Latin America & Caribbean,Lower middle income,,,,,,,,,,,,,,,,,,,Republic,Christians,8.2,53.11,2400.0,87.2,23.3,7.53
Brazil,BRA,5.3,6.6,6.6,5.7,5.7,6.8,6.2,8.6,8.6,8.6,8.8,9.0,9.0,8.8,8.6,8.6,8.6,8.6,9.9,9.9,9.9,10.7,10.7,Latin America & Caribbean,Upper middle income,,,,,,,,,,,,,36.44,36.95,37.37,37.97,38.23,38.23,Republic,Christians,22.1,29.61,7600.0,86.4,16.56,6.17
Barbados,BRB,3.7,10.7,10.7,10.7,10.7,10.7,10.7,13.3,13.3,13.3,13.3,13.3,10.0,10.0,10.0,10.0,10.0,16.7,16.7,16.7,16.7,16.7,20.0,Latin America & Caribbean,High income,,,,,,,,,,,,,,,,,,,Constitutional Monarchy,Christians,649.5,12.5,15700.0,97.4,12.71,8.67
Bhutan,BTN,2.0,2.0,2.0,2.0,9.3,9.3,9.3,9.3,9.2,9.3,2.7,2.7,8.5,8.5,8.5,8.5,8.5,6.4,8.5,8.5,8.5,8.5,8.5,South Asia,Lower middle income,,,,,,,,,,,,,,,,,,,Constitutional Monarchy,Buddhists,48.5,100.44,1300.0,42.2,33.65,12.7
Botswana,BWA,5.0,8.5,8.5,,17.0,17.0,17.0,17.0,11.1,11.1,11.1,11.1,11.1,7.9,7.9,7.9,7.9,7.9,9.5,9.5,9.5,9.5,9.5,Sub-Saharan Africa,Upper middle income,,,,,,,,,,,,,,,,,,,Republic,Christians,2.7,54.58,9000.0,79.8,23.08,29.5
Central African Republic,CAF,3.8,3.5,3.5,7.3,7.3,7.3,7.3,,,10.5,10.5,10.5,10.5,9.6,9.6,12.5,12.5,,,,7.2,8.6,8.6,Sub-Saharan Africa,Low income,,,,,,,,,,,,,,,,,,,Republic,Christians,6.9,91.0,1100.0,51.0,33.91,18.65
Canada,CAN,13.3,20.6,20.6,20.6,,20.6,20.6,20.6,21.1,21.1,20.8,21.3,22.1,22.1,22.1,24.8,24.7,24.7,25.1,26.0,26.0,26.3,27.0,North America,High income,,,,,,,,,,,,,,,,,,,Constitutional Monarchy,Christians,3.3,4.75,29800.0,97.0,10.78,7.8
Switzerland,CHE,14.0,21.0,21.0,22.5,23.0,23.0,23.0,25.0,25.0,25.0,25.0,28.5,28.5,29.0,29.0,28.5,29.0,29.0,31.0,32.0,32.0,32.5,32.5,Europe & Central Asia,High income,16.07,,,,,,,,,,,31.65,31.82,31.82,31.89,33.68,34.03,34.03,Republic,Christians,182.2,4.39,32700.0,99.0,9.71,8.49
Chile,CHL,,7.5,10.8,10.8,10.8,10.8,12.5,12.5,12.5,15.0,15.0,15.0,15.0,14.2,14.2,14.2,14.2,14.2,15.8,15.8,15.8,15.8,22.6,Latin America & Caribbean,High income,,,,,,,,,,,,,,,,,,,Republic,Christians,21.3,8.8,9900.0,96.2,15.23,5.81
"China, People's Republic of",CHN,21.3,,21.8,21.8,21.8,21.8,21.8,20.2,20.2,20.3,20.3,20.6,21.3,21.3,21.3,21.3,21.3,23.4,23.4,23.6,23.6,24.2,24.9,East Asia & Pacific,Upper middle income,,,,,,,,,,,,,,,,,,,Republic,Unaffiliated,136.9,24.18,5000.0,90.9,13.25,6.97
Cameroon,CMR,14.4,5.6,5.6,5.6,5.6,5.6,8.9,8.9,8.9,8.9,8.9,13.9,13.9,13.9,13.9,13.9,13.9,31.1,31.1,31.1,31.1,31.1,31.1,Sub-Saharan Africa,Lower middle income,,,,,,,,,,,,,,,,,,,Republic,Christians,36.5,68.26,1800.0,79.0,33.89,13.47
Colombia,COL,4.5,11.7,,11.8,11.8,11.8,12.0,12.0,12.0,12.1,8.4,8.4,8.4,8.4,12.7,12.1,12.1,12.1,19.9,19.9,19.9,18.7,18.1,Latin America & Caribbean,Upper middle income,,,,,,,,,,,,,,,,,,,Republic,Christians,38.3,20.97,6300.0,92.5,20.48,5.58
Comoros,COM,0.0,0.0,0.0,,,,,,3.0,3.0,3.0,3.0,3.0,0.0,3.0,3.0,3.0,3.0,3.0,3.0,3.0,6.1,6.1,Sub-Saharan Africa,Low income,,,,,,,,,,,,,,,,,,,Republic,Muslims,318.4,74.93,700.0,56.5,36.93,8.2
Cape Verde,CPV,12.0,11.1,11.1,11.1,11.1,11.1,11.1,11.1,11.1,11.1,15.3,18.1,18.1,18.1,18.1,20.8,20.8,20.8,20.8,20.8,23.6,23.6,23.6,Sub-Saharan Africa,Lower middle income,,,,,,,,,,,,,,,,,,,Republic,Christians,104.4,47.77,1400.0,76.6,24.87,6.55
Costa Rica,CRI,10.5,15.8,19.3,19.3,19.3,19.3,35.1,35.1,35.1,35.1,38.6,36.8,36.8,36.8,38.6,38.6,38.6,38.6,33.3,33.3,33.3,35.1,45.6,Latin America & Caribbean,Upper middle income,,,,,,,,,,,29.69,,29.21,36.59,,,,36.59,Republic,Christians,79.8,9.95,9100.0,96.0,18.32,4.36
Cuba,CUB,33.9,22.8,27.6,27.6,27.6,27.6,27.6,36.0,36.0,36.0,36.0,36.0,43.2,43.2,43.2,45.2,45.2,48.9,48.9,48.9,48.9,48.9,53.2,Latin America & Caribbean,Upper middle income,,,,,,,,,,,,,,,,,,,Republic,Christians,102.7,6.33,2900.0,97.0,11.89,7.22
Cyprus,CYP,1.8,5.4,5.4,5.4,7.1,10.7,10.7,10.7,16.1,16.1,14.3,14.3,14.3,12.5,12.5,10.7,10.7,10.7,12.5,12.5,17.9,17.9,17.9,Europe & Central Asia,High income,18.49,18.55,17.3,17.94,17.0,17.07,17.23,17.69,20.44,13.76,14.32,14.67,16.44,18.7,18.14,25.22,26.99,26.99,Republic,Christians,84.8,7.18,19200.0,97.6,12.56,7.68
Czech Republic,CZE,,15.0,15.0,15.0,15.0,15.0,17.0,17.0,17.0,17.0,15.5,15.5,15.5,15.5,22.0,22.0,22.0,19.5,19.5,20.0,20.0,20.0,22.0,Europe & Central Asia,High income,26.38,29.07,27.85,31.52,30.29,31.54,30.68,29.47,29.22,28.73,27.75,24.04,23.11,24.54,26.62,27.8,23.11,23.11,Republic,Unaffiliated,129.8,3.93,15700.0,99.9,9.02,10.59
Germany,DEU,,26.2,26.2,30.9,30.9,31.1,32.2,32.2,32.8,31.8,31.6,31.6,32.2,32.8,32.8,32.9,32.9,36.5,36.5,36.5,36.5,37.0,30.7,Europe & Central Asia,High income,21.87,22.54,23.26,24.31,24.08,24.3,25.3,25.72,26.45,27.31,28.28,27.94,27.06,27.52,27.77,28.05,28.09,28.09,Republic,Christians,230.9,4.16,27600.0,99.0,8.25,10.62
Djibouti,DJI,0.0,,0.0,0.0,0.0,0.0,0.0,10.8,10.8,10.8,10.8,13.8,13.8,13.8,13.8,13.8,13.8,12.7,12.7,12.7,12.7,10.8,26.2,Middle East & North Africa,Lower middle income,,,,,,,,,,,,,,,,,,,Republic,Muslims,21.2,104.13,1300.0,67.9,39.53,19.31
Dominica,DMA,10.0,9.4,9.4,9.4,,18.8,18.8,18.8,19.4,12.9,12.9,16.1,18.8,14.3,12.5,12.5,12.5,12.5,12.9,21.9,21.9,25.0,25.0,Latin America & Caribbean,Upper middle income,,,,,,,,,,,,,,,,,,,Republic,Christians,91.4,14.15,5400.0,94.0,15.27,6.73
Denmark,DNK,30.7,33.0,37.4,37.4,37.4,,38.0,38.0,38.0,36.9,36.9,38.0,38.0,38.0,38.0,39.1,39.1,39.1,39.1,37.4,37.4,37.4,37.4,Europe & Central Asia,High income,19.74,17.57,17.88,20.48,20.62,21.36,20.36,25.3,19.85,20.39,19.49,28.64,28.82,27.46,26.2,26.9,28.58,28.58,Constitutional Monarchy,Christians,126.5,4.56,31100.0,100.0,11.13,10.36
Dominican Republic,DOM,7.5,11.7,16.1,16.1,16.1,16.1,17.3,17.3,17.3,17.3,19.7,19.7,19.7,19.7,20.8,20.8,20.8,20.8,20.8,20.8,26.8,26.8,26.8,Latin America & Caribbean,Upper middle income,,,,,,,,38.84,36.98,45.36,47.45,9.58,53.36,48.78,46.99,52.81,55.47,55.47,Republic,Christians,188.5,32.38,6000.0,84.7,23.22,5.73
Algeria,DZA,2.4,3.2,3.2,3.2,3.4,3.4,6.2,6.2,6.2,6.2,6.2,7.7,7.7,7.7,7.7,8.0,31.6,31.6,31.6,31.6,31.6,25.8,25.8,Middle East & North Africa,Upper middle income,,,,,,,,,,,,,,,6.92,,,6.92,Republic,Muslims,13.8,31.0,6000.0,70.0,17.14,4.61
Ecuador,ECU,4.5,3.7,17.4,17.4,14.6,14.6,,16.0,16.0,16.0,25.0,25.0,25.0,32.3,32.3,32.3,32.3,38.7,41.6,41.6,41.6,38.0,38.0,Latin America & Caribbean,Upper middle income,,,,,,,,,,,,42.62,41.09,35.55,35.59,33.32,33.95,33.95,Republic,Christians,47.8,23.66,3300.0,92.5,22.29,4.23
Egypt,EGY,3.9,2.0,2.0,2.0,2.0,2.4,2.4,2.4,2.9,2.0,2.0,1.8,1.8,1.8,12.7,2.0,2.0,,,,14.9,14.9,14.9,Middle East & North Africa,Lower middle income,,,,,,,,,,,,,,,,,,,Republic,Muslims,78.8,32.59,4000.0,57.7,22.94,5.23
Eritrea,ERI,,21.0,21.0,14.7,14.7,14.7,22.0,22.0,22.0,22.0,22.0,22.0,22.0,22.0,22.0,22.0,22.0,22.0,22.0,22.0,22.0,22.0,22.0,Sub-Saharan Africa,Low income,,,,,,,,,,,,,,,,,,,Republic,Christians,39.5,74.87,700.0,58.6,34.33,9.6
Spain,ESP,14.6,24.7,24.7,21.6,28.3,28.3,28.3,28.3,36.0,36.0,36.0,36.6,36.3,36.6,36.6,36.0,36.0,36.0,39.7,41.1,39.1,39.1,39.1,Europe & Central Asia,High income,15.65,17.5,18.13,15.84,18.99,21.48,23.15,23.78,23.77,24.7,27.13,28.09,28.78,29.34,29.42,30.35,30.31,30.31,Constitutional Monarchy,Christians,80.0,4.42,22000.0,97.9,10.06,9.72
Estonia,EST,,10.9,10.9,17.8,17.8,17.8,17.8,18.8,18.8,18.8,18.8,20.8,20.8,22.8,22.8,19.8,20.8,20.8,19.0,23.8,23.8,26.7,26.7,Europe & Central Asia,High income,34.83,38.17,37.17,34.8,41.23,41.04,39.63,34.91,36.6,34.34,38.37,34.63,31.62,32.81,30.84,27.84,31.63,31.63,Republic,Unaffiliated,29.3,7.87,12300.0,99.8,10.04,13.25
Ethiopia,ETH,,2.0,2.0,2.0,7.7,7.7,7.7,7.7,7.7,21.4,21.9,21.9,21.9,21.9,27.8,27.8,27.8,27.8,27.8,38.8,38.8,38.8,38.8,Sub-Saharan Africa,Low income,,,,,,,,,,18.65,19.11,20.73,20.89,21.08,,,,21.08,Republic,Christians,66.3,95.32,700.0,42.7,37.98,14.86
Finland,FIN,31.5,33.5,33.5,37.0,36.5,36.5,36.5,37.5,37.5,37.5,38.0,41.5,41.5,40.0,40.0,42.5,42.5,42.5,42.5,41.5,41.5,42.0,42.0,Europe & Central Asia,High income,27.55,29.74,30.23,30.93,30.68,32.67,33.85,32.28,33.58,34.71,34.34,31.09,29.67,29.47,34.26,33.49,34.06,34.06,Republic,Christians,15.5,3.57,27400.0,100.0,10.45,9.86
Fiji,FJI,,4.3,4.3,11.3,,5.7,5.7,5.7,8.5,8.5,,,,,,,,,14.0,16.0,16.0,16.0,16.0,East Asia & Pacific,Upper middle income,,,,,,,,,,,,30.71,,,,,38.58,38.58,Republic,Christians,49.6,12.62,5800.0,93.7,22.55,5.65
France,FRA,6.9,10.9,10.9,10.9,10.9,10.9,12.1,12.2,12.2,12.2,12.2,18.2,18.2,18.9,18.9,18.9,26.9,26.9,26.2,26.2,26.2,39.0,39.6,Europe & Central Asia,High income,31.65,32.55,34.48,32.53,33.06,36.34,37.0,36.46,36.77,37.38,38.54,39.14,39.19,35.58,32.01,30.93,31.07,31.07,Republic,Christians,111.3,4.26,27600.0,99.0,11.99,9.14
Gabon,GAB,13.3,8.3,8.3,8.3,9.2,9.2,9.2,9.2,9.2,9.2,12.5,16.7,16.7,14.7,14.7,14.2,15.8,15.8,15.0,14.2,14.2,17.1,17.1,Sub-Saharan Africa,Upper middle income,,,,,,,,,,,,,,,,,,,Republic,Christians,5.3,53.64,5500.0,63.2,36.16,12.25
United Kingdom,GBR,6.3,18.2,18.2,18.4,18.4,17.9,17.9,17.9,18.1,19.7,19.7,19.5,19.5,19.5,22.0,22.3,22.5,22.5,22.6,29.4,29.6,32.0,32.2,Europe & Central Asia,High income,34.69,29.62,31.39,31.47,32.46,33.61,34.26,34.35,34.75,35.38,35.98,32.12,32.39,32.31,32.87,32.42,33.81,33.81,Constitutional Monarchy,Christians,247.6,5.16,27700.0,99.0,10.71,10.13
Georgia,GEO,,6.9,6.9,,7.2,7.2,7.2,7.2,9.4,9.4,9.4,9.4,6.0,5.1,6.5,6.6,12.0,12.0,12.0,11.3,,16.0,16.0,Europe & Central Asia,Lower middle income,,,,,,,,,,,,,,,,,,,Republic,Christians,66.9,18.59,2500.0,99.0,10.41,9.23
Ghana,GHA,,9.0,9.0,9.0,,9.0,9.0,9.0,10.9,10.9,10.9,10.9,7.9,8.3,8.3,8.3,,10.9,10.9,10.9,10.9,12.7,12.7,Sub-Saharan Africa,Lower middle income,,,,,,,,,,,,,,26.67,,,,26.67,Republic,Christians,93.6,51.43,2200.0,74.8,30.52,9.72
Guinea,GIN,,7.0,8.8,8.8,8.8,8.8,,19.3,19.3,19.3,19.3,19.3,,,,,,,21.9,21.9,21.9,21.9,21.9,Sub-Saharan Africa,Low income,,,,,,,,,,,,,,,,,,,Republic,Muslims,39.4,90.37,2100.0,35.9,41.76,15.48
"Gambia, The",GMB,7.8,2.0,2.0,2.0,2.0,2.0,5.7,13.2,13.2,13.2,13.2,9.4,9.4,7.5,7.5,7.5,7.5,7.5,9.4,9.4,9.4,10.3,10.3,Sub-Saharan Africa,Low income,,,,,,,,,,,,,33.68,,,,,33.68,Republic,Muslims,145.3,72.02,1700.0,40.1,39.37,12.25
Guinea-Bissau,GNB,20.0,10.0,10.0,,7.8,7.8,7.8,,14.0,14.0,14.0,14.0,10.0,10.0,10.0,10.0,14.0,14.0,13.7,13.7,13.7,13.7,13.7,Sub-Saharan Africa,Low income,,,,,,,,,,,,,,,,,,,Republic,Muslims,39.9,107.17,800.0,42.4,37.22,16.53
Equatorial Guinea,GNQ,13.3,8.8,8.8,5.0,5.0,5.0,5.0,5.0,18.0,18.0,18.0,18.0,6.0,10.0,10.0,10.0,10.0,12.1,24.0,24.0,24.0,24.0,20.0,Sub-Saharan Africa,Upper middle income,,,,,,,,,,,,,,,,,,,Republic,Christians,19.3,85.13,2700.0,85.7,35.59,15.06
Greece,GRC,6.7,6.3,6.3,6.3,8.7,8.7,8.7,8.7,14.0,13.0,13.0,14.7,14.7,17.3,17.3,18.7,21.0,21.0,21.0,19.7,19.7,18.3,18.7,Europe & Central Asia,High income,19.88,18.55,15.46,20.73,21.19,23.66,22.49,22.77,26.28,27.01,26.9,22.02,22.24,25.83,27.83,24.67,24.66,24.66,Republic,Christians,81.0,5.53,20000.0,97.5,9.68,10.24
Grenada,GRD,,20.0,20.0,,26.7,26.7,26.7,26.7,26.7,26.7,26.7,26.7,13.3,13.3,13.3,13.3,13.3,33.3,33.3,33.3,33.3,33.3,46.7,Latin America & Caribbean,Upper middle income,,,,,,,,,,,,,,,,,,,Constitutional Monarchy,Christians,260.8,14.62,5000.0,98.0,22.08,6.88
Guatemala,GTM,7.0,12.5,12.5,7.1,8.8,8.8,8.8,8.2,8.2,8.2,8.2,12.0,12.0,12.0,12.0,13.3,13.3,13.3,13.3,13.9,13.9,12.7,12.7,Latin America & Caribbean,Upper middle income,,,,,,,,,,,33.15,60.91,35.57,29.4,35.44,34.63,39.17,39.17,Republic,Christians,112.9,35.93,4100.0,70.6,29.88,5.2
Guyana,GUY,36.9,,,18.5,18.5,18.3,20.0,20.0,30.8,30.8,29.0,29.0,30.0,30.0,30.0,31.3,31.3,31.3,31.3,30.4,30.4,31.9,31.9,Latin America & Caribbean,Upper middle income,,,,,,,,,,,,,,,,,,,Republic,Christians,3.6,33.26,4000.0,98.8,18.28,8.28
Honduras,HND,10.2,,9.4,9.4,9.4,9.4,5.5,5.5,5.5,23.4,23.4,23.4,23.4,18.0,18.0,19.5,19.5,19.5,25.8,25.8,25.8,25.8,21.1,Latin America & Caribbean,Lower middle income,,,,,,,,,,,,,,,,42.39,41.08,41.08,Republic,Christians,65.4,29.32,2600.0,76.2,28.24,5.28
Croatia,HRV,,7.9,7.9,7.9,20.5,20.5,20.5,,21.7,21.7,21.7,20.9,20.9,23.5,23.5,23.8,23.8,23.8,23.8,15.2,12.6,18.5,18.5,Europe & Central Asia,High income,,,26.75,28.26,17.51,28.21,27.47,22.72,32.1,37.2,27.43,23.57,25.77,23.87,24.37,26.12,29.5,29.5,Republic,Christians,79.5,6.84,10600.0,98.5,9.61,11.48
Haiti,HTI,,3.6,3.6,3.6,,3.6,3.6,3.6,3.6,3.6,2.0,4.1,4.1,4.1,11.1,4.2,4.2,4.2,4.2,4.2,0.0,2.5,2.5,Latin America & Caribbean,Low income,,,,,,,,,,,,,,,,,,,Republic,Christians,299.4,73.45,1600.0,52.9,36.44,12.17
Hungary,HUN,20.7,11.4,8.3,8.3,8.3,8.3,9.1,9.8,9.1,9.1,10.4,11.1,11.1,11.1,9.1,8.8,8.8,8.8,10.1,10.1,10.1,10.1,12.6,Europe & Central Asia,High income,34.19,37.65,37.86,37.19,36.65,39.4,40.94,39.04,40.78,39.9,39.96,38.22,36.26,38.26,37.59,39.06,37.72,37.72,Republic,Christians,107.3,8.57,13900.0,99.4,9.72,13.11
Indonesia,IDN,12.4,11.4,11.4,,8.0,8.0,8.0,8.0,11.3,11.3,11.3,11.6,11.6,17.9,18.0,18.2,18.6,18.6,16.9,17.1,17.1,19.8,19.8,East Asia & Pacific,Lower middle income,,,,,,,,,,17.8,19.24,,,16.6,,21.46,,21.46,Republic,Muslims,127.9,35.6,3200.0,87.9,20.34,6.25
India,IND,5.0,7.2,8.1,8.4,9.0,8.8,8.8,8.8,8.3,8.3,8.3,9.1,9.1,10.8,10.8,11.0,11.0,11.0,11.4,12.0,12.0,11.8,11.8,South Asia,Lower middle income,,,,,,,,,,,,,,,,,,,Republic,Hindus,333.2,56.29,2900.0,59.5,22.01,8.18
Ireland,IRL,7.8,12.0,12.0,12.0,12.0,12.0,13.3,13.3,13.3,13.3,13.3,13.3,13.3,13.9,13.9,15.1,15.1,15.7,15.7,16.3,22.2,22.2,22.2,Europe & Central Asia,High income,35.23,39.89,38.66,40.8,39.72,43.59,41.42,41.24,43.05,41.36,40.8,29.9,29.75,30.02,30.81,29.49,30.96,30.96,Republic,Christians,57.8,5.39,29600.0,98.0,14.45,7.82
Iran,IRN,1.5,4.9,4.9,4.9,3.4,3.4,4.1,4.1,4.1,4.1,4.1,4.1,2.8,2.8,2.8,2.8,3.1,3.1,3.1,3.1,5.9,5.9,5.9,Middle East & North Africa,Upper middle income,,,,,,,,,,,,,,,,,,,Republic,Muslims,41.7,41.58,7000.0,79.4,17.0,5.55
Iraq,IRQ,10.8,6.4,6.4,6.4,7.6,7.6,7.6,,,,25.5,25.5,25.5,25.5,25.2,25.2,25.2,25.2,25.3,26.5,26.5,25.3,25.5,Middle East & North Africa,Upper middle income,,,,,,,,,,,,,,,,,,,Republic,Muslims,61.3,50.25,1500.0,40.4,31.98,5.37
Iceland,ISL,20.6,25.4,25.4,34.9,34.9,34.9,34.9,30.2,30.2,33.3,33.3,33.3,33.3,42.9,42.9,39.7,39.7,39.7,39.7,41.3,47.6,47.6,38.1,Europe & Central Asia,High income,30.41,30.18,32.26,40.0,38.12,30.04,33.97,33.06,36.96,38.35,37.14,39.09,38.2,37.87,38.24,39.51,34.76,34.76,Republic,Christians,2.9,3.31,30900.0,99.9,13.64,6.72
Israel,ISR,6.7,7.5,7.5,11.7,12.5,13.3,14.2,15.0,15.0,15.0,14.2,14.2,14.2,18.3,19.2,20.0,20.0,22.5,22.5,26.7,26.7,27.5,27.5,Middle East & North Africa,High income,,,,,,,,,,30.66,33.45,34.92,31.59,32.35,32.39,31.87,34.28,34.28,Republic,Jews,305.8,7.03,19800.0,95.4,17.97,6.18
Italy,ITA,12.9,11.1,11.1,11.1,11.1,9.8,9.8,11.5,11.5,11.5,17.3,17.3,21.3,21.3,21.3,21.6,21.4,31.4,31.4,31.0,31.0,31.0,35.7,Europe & Central Asia,High income,,,,,18.77,19.67,21.77,22.03,21.62,21.57,21.16,21.59,22.21,22.02,21.9,21.75,22.04,22.04,Republic,Christians,193.0,5.94,26700.0,98.6,8.72,10.4
Jamaica,JAM,5.0,11.7,13.6,13.3,13.3,13.3,,11.7,11.7,11.7,11.7,13.3,13.3,13.3,13.3,12.7,12.7,12.7,12.7,12.7,17.5,17.5,17.5,Latin America & Caribbean,Upper middle income,,,,,,,,,,,,,,,,,,,Constitutional Monarchy,Christians,250.9,12.36,3900.0,87.9,20.82,6.52
Jordan,JOR,0.0,0.0,0.0,0.0,0.0,1.3,1.3,5.5,5.5,5.5,5.5,6.4,6.4,6.4,10.8,10.8,10.8,12.2,12.0,12.0,15.4,15.4,15.4,Middle East & North Africa,Upper middle income,,,,,,,,,,,,,,,,,,,Constitutional Monarchy,Muslims,64.0,17.35,4300.0,91.3,21.25,2.65
Japan,JPN,1.4,4.6,4.6,4.6,7.3,7.3,7.3,7.1,7.1,9.0,9.4,9.4,9.4,11.3,11.3,10.8,7.9,8.1,8.1,9.5,9.5,9.3,10.1,East Asia & Pacific,High income,,,,,,,,,,,,,,,,,,,Constitutional Monarchy,Unaffiliated,337.4,3.26,28200.0,99.0,9.37,9.16
Kazakhstan,KAZ,,13.4,13.4,10.8,10.4,10.4,10.4,10.4,10.4,10.4,10.4,15.9,15.9,17.8,17.8,17.8,24.3,24.3,25.2,26.2,27.1,27.1,27.1,Europe & Central Asia,Upper middle income,,,,,,,,,,,,,,,,,,,Republic,Muslims,5.6,29.21,6300.0,98.4,16.0,9.42
Kenya,KEN,1.1,3.0,3.6,3.6,3.6,3.6,3.6,7.1,7.1,7.1,7.3,7.2,9.8,9.8,9.8,9.8,9.8,18.6,19.1,19.7,19.7,21.8,21.8,Sub-Saharan Africa,Lower middle income,,,,,,,,,,,,,,,,,,,Republic,Christians,59.6,61.47,1000.0,85.1,39.72,14.02
Kyrgyzstan,KGZ,,1.4,1.4,1.4,2.3,10.0,10.0,10.0,10.0,0.0,0.0,25.6,25.6,25.6,23.3,23.3,23.3,23.3,23.3,19.2,19.2,19.2,19.2,Europe & Central Asia,Lower middle income,,,,,,,,,,,,,,,,,,,Republic,Muslims,26.3,35.64,1600.0,97.0,22.8,7.08
Cambodia,KHM,,5.8,5.8,8.2,7.4,7.4,7.4,9.8,9.8,9.8,9.8,19.5,16.3,21.1,21.1,20.3,20.3,20.3,20.3,20.3,20.3,20.3,20.0,East Asia & Pacific,Lower middle income,,,,,,,,,,,14.13,,16.67,,,,,16.67,Constitutional Monarchy,Buddhists,76.7,71.48,1900.0,69.4,26.9,9.06
Kiribati,KIR,0.0,0.0,0.0,4.9,4.9,4.8,4.8,,4.8,4.8,7.1,4.3,4.3,4.3,4.3,8.7,8.7,8.7,8.7,8.7,6.5,6.5,6.5,East Asia & Pacific,Lower middle income,,,,,,,,,,,,,,,,,,,Republic,Christians,130.0,48.52,800.0,,30.65,8.26
Saint Kitts and Nevis,KNA,6.7,13.3,13.3,13.3,13.3,13.3,13.3,13.3,0.0,0.0,0.0,6.7,6.7,6.7,6.7,6.7,6.7,6.7,6.7,13.3,13.3,13.3,13.3,Latin America & Caribbean,High income,,,,,,,,,,,,,,,,,,,Constitutional Monarchy,Christians,149.9,14.49,8800.0,97.0,18.02,8.33
Kuwait,KWT,,0.0,0.0,0.0,0.0,0.0,0.0,0.0,0.0,1.5,1.5,1.5,3.1,7.7,7.7,7.7,6.2,6.2,1.5,1.5,1.5,3.1,3.1,Middle East & North Africa,High income,,,,,,,,,,,,,,,,,,,Constitutional Monarchy,Muslims,135.7,9.95,19000.0,83.5,21.94,2.41
Laos,LAO,6.3,,21.2,21.2,21.2,21.2,22.9,22.9,22.9,22.9,25.2,25.2,25.2,25.2,25.2,25.0,25.0,25.0,25.0,25.0,27.5,27.5,27.5,East Asia & Pacific,Lower middle income,,,,,,,,,,,,,,,,,,,Republic,Buddhists,26.9,85.22,1700.0,66.4,35.49,11.55
Lebanon,LBN,0.0,2.3,2.3,2.3,2.3,2.3,2.3,2.3,2.3,4.7,4.7,4.7,4.7,3.1,3.1,3.1,3.1,3.1,3.1,3.1,3.1,3.1,4.7,Middle East & North Africa,Upper middle income,,,,,,,,,,,,,,,,,,,Republic,Muslims,372.5,24.52,4800.0,87.4,18.52,6.21
Liberia,LBR,,,,,7.8,7.8,7.8,7.8,5.3,12.5,12.5,12.5,12.5,12.5,12.5,9.6,11.0,11.0,11.0,11.0,11.0,12.3,12.3,Sub-Saharan Africa,Low income,,,,,,,,,,,20.05,,,,,,,20.05,Republic,Christians,27.3,128.87,1000.0,57.5,44.77,23.1
Libya,LBY,,,,,,,,,,4.7,7.7,7.7,7.7,7.7,7.7,,16.5,16.5,16.0,16.0,16.0,16.0,16.0,Middle East & North Africa,Upper middle income,,,,,,,,,,,,,,,,,,,,Muslims,3.4,24.6,6400.0,82.6,26.49,3.48
Saint Lucia,LCA,0.0,11.8,11.8,11.1,11.1,,11.1,11.1,11.1,11.1,0.0,11.1,11.1,11.1,11.1,16.7,16.7,16.7,16.7,16.7,16.7,16.7,16.7,Latin America & Caribbean,Upper middle income,,,,,,,,,,,,,,,,,,,Constitutional Monarchy,Christians,273.5,13.53,5400.0,67.0,19.68,5.08
Liechtenstein,LIE,4.0,4.0,4.0,4.0,4.0,12.0,12.0,12.0,12.0,24.0,24.0,24.0,24.0,24.0,24.0,24.0,24.0,20.0,20.0,20.0,20.0,12.0,12.0,Europe & Central Asia,High income,,,,,,,,,,,,,,,,,,,Constitutional Monarchy,Christians,212.4,4.7,25000.0,100.0,10.21,7.18
Sri Lanka,LKA,4.9,5.3,5.3,4.9,,,4.4,4.4,4.9,4.9,4.9,5.8,5.8,5.8,5.3,5.8,5.8,5.8,5.8,4.9,5.8,5.8,5.8,South Asia,Lower middle income,,,,,,,,,,19.96,23.73,21.87,22.69,23.48,23.97,,,23.97,Republic,Buddhists,308.2,14.35,3700.0,92.3,15.51,6.52
Lesotho,LSO,,4.6,3.8,3.8,3.8,3.8,,11.7,11.7,11.7,11.7,23.5,25.0,24.2,24.2,24.2,26.7,26.7,26.7,25.0,25.0,22.9,22.1,Sub-Saharan Africa,Lower middle income,,,,,,,,,,,,,,,,,,,Constitutional Monarchy,Christians,66.6,84.23,3000.0,84.8,24.75,28.71
Lithuania,LTU,,17.5,17.5,17.5,10.6,10.6,10.6,10.6,22.0,22.0,24.8,22.7,17.7,19.1,19.1,19.1,24.5,24.1,24.1,23.4,21.3,21.3,21.3,Europe & Central Asia,High income,42.95,50.03,48.45,41.49,46.8,44.96,42.76,40.28,41.45,40.29,41.98,36.47,35.3,36.46,35.36,38.1,38.82,38.82,Republic,Christians,55.0,6.89,11400.0,99.6,8.75,10.98
Luxembourg,LUX,13.3,20.0,20.0,16.7,16.7,16.7,16.7,16.7,23.3,23.3,23.3,23.3,23.3,20.0,20.0,25.0,21.7,23.3,28.3,28.3,28.3,28.3,28.3,Europe & Central Asia,High income,24.13,11.1,14.97,11.17,12.17,9.35,21.16,9.74,15.31,15.43,19.64,18.28,16.97,14.62,17.9,13.99,14.89,14.89,Constitutional Monarchy,Christians,183.5,4.81,55100.0,100.0,11.94,8.41
Latvia,LVA,,9.0,9.0,17.0,17.0,17.0,18.0,21.0,21.0,21.0,19.0,20.0,20.0,22.0,20.0,23.0,23.0,23.0,18.0,18.0,18.0,16.0,16.0,Europe & Central Asia,High income,37.25,39.98,38.09,45.38,42.47,42.0,40.86,42.11,41.25,41.46,39.08,44.34,44.64,42.22,42.05,44.26,46.3,46.3,Republic,Christians,35.2,9.55,10200.0,99.8,9.24,13.66
Morocco,MAR,0.0,0.6,0.6,0.6,0.6,0.6,10.8,10.8,10.8,10.8,10.8,10.5,10.5,10.5,10.5,17.0,17.0,17.0,17.0,17.0,20.5,20.5,20.5,Middle East & North Africa,Lower middle income,,,,,,,,,,,,,,,,,,,Constitutional Monarchy,Muslims,74.4,41.62,4000.0,51.7,21.98,5.58
Monaco,MCO,11.1,5.6,22.2,22.2,22.2,22.2,22.2,20.8,20.8,20.8,20.8,20.8,25.0,26.1,26.1,19.0,19.0,20.8,20.8,20.8,20.8,20.8,33.3,Europe & Central Asia,High income,,,,,,,,,,,,,,,,,,,Constitutional Monarchy,Christians,16271.5,5.43,27000.0,99.0,9.19,12.91
Moldova,MDA,,4.8,,8.9,7.9,12.9,12.9,12.9,15.8,21.8,21.8,21.8,21.8,23.8,18.8,19.8,19.8,19.8,17.8,21.8,21.8,22.8,22.8,Europe & Central Asia,Lower middle income,,,,,,,,,,,,,,,46.54,45.42,,45.42,Republic,Christians,132.0,40.42,1800.0,99.1,15.7,12.64
Madagascar,MDG,6.5,3.7,,8.0,8.0,8.0,,3.8,6.9,6.9,6.9,7.9,7.9,,12.5,12.5,17.5,17.5,20.5,20.5,20.5,19.2,19.2,Sub-Saharan Africa,Low income,,,,,,,,,,,,,24.45,,,,,24.45,Republic,Christians,31.7,76.83,800.0,68.9,41.41,11.11
Maldives,MDV,6.3,6.3,6.3,,6.0,6.0,6.0,6.0,6.0,12.0,12.0,12.0,12.0,6.5,6.5,6.5,6.5,6.5,5.9,5.9,5.9,5.9,5.9,South Asia,Upper middle income,,,,,,,,,,,,,,,20.62,,,20.62,Republic,Muslims,1196.7,56.52,3900.0,97.2,34.81,7.06
Mexico,MEX,12.0,14.2,17.4,18.2,16.0,16.0,16.0,22.6,22.6,24.2,22.6,23.2,23.2,27.6,26.2,26.2,36.8,36.8,37.4,42.4,42.4,42.6,48.2,Latin America & Caribbean,Upper middle income,,,,,,,,,,,,,,34.86,35.27,34.8,35.16,35.16,Republic,Christians,54.5,20.91,9000.0,92.2,20.69,4.74
Marshall Islands,MHL,,,,,3.0,3.0,3.0,3.0,3.0,3.0,3.0,3.0,3.0,3.0,3.0,3.0,3.0,3.0,3.0,9.1,9.1,9.1,9.1,East Asia & Pacific,Upper middle income,,,,,,,,,,,,,,,,,,,Republic,Christians,5.1,29.45,1600.0,93.7,33.05,4.78
Mali,MLI,,12.2,12.2,12.2,12.2,12.2,10.2,10.2,10.2,10.2,10.2,10.2,10.2,10.2,10.2,10.2,10.2,10.2,9.5,8.8,8.8,8.8,8.8,Sub-Saharan Africa,Low income,,,,,,,,,,,,,,,,,3.86,3.86,Republic,Muslims,9.5,116.79,900.0,46.4,49.82,16.89
Malta,MLT,2.9,5.8,5.8,9.2,9.2,9.2,9.2,7.7,9.2,9.2,9.2,9.2,8.7,8.7,8.7,8.7,8.7,14.3,14.3,12.9,12.9,11.9,11.9,Middle East & North Africa,High income,,,18.19,16.91,12.9,19.82,19.93,18.35,15.87,21.93,23.66,24.81,26.63,28.58,26.0,26.18,28.98,28.98,Republic,Christians,1266.5,3.89,17700.0,92.8,10.22,8.1
Myanmar,MMR,,,,,,,,,,,,,,,4.3,3.5,6.0,6.0,5.6,12.7,9.9,10.2,10.2,East Asia & Pacific,Lower middle income,,,,,,,,,,,,,,,,28.34,,28.34,Republic,Buddhists,69.8,67.24,1800.0,85.3,17.91,9.83
Mongolia,MNG,24.9,7.9,7.9,7.9,10.5,10.5,10.5,10.5,6.8,6.7,6.6,6.6,4.2,3.9,3.9,3.9,14.9,14.9,14.9,14.5,17.1,17.1,17.1,East Asia & Pacific,Lower middle income,,,,,,,,,41.6,38.32,37.89,37.92,38.68,37.29,34.16,37.77,36.71,36.71,Republic,Buddhists,1.8,53.79,1800.0,97.8,21.59,6.95
Mozambique,MOZ,15.7,25.2,25.2,,30.0,30.0,30.0,30.0,34.8,34.8,34.8,34.8,34.8,39.2,39.2,39.2,39.2,39.2,,39.6,39.6,39.6,39.6,Sub-Saharan Africa,Low income,,,,,,,,,,,,,,,,,,,Republic,Christians,24.6,130.79,1200.0,47.8,35.18,21.35
Mauritania,MRT,,1.3,3.8,3.8,3.8,,,3.7,3.7,,17.9,22.1,22.1,22.1,22.1,22.1,22.1,22.1,25.2,25.2,25.2,25.2,20.3,Sub-Saharan Africa,Lower middle income,,,,,,,,,,,,,,,,,,,Republic,Muslims,3.1,70.89,1800.0,41.7,40.99,12.16
Mauritius,MUS,7.1,7.6,7.6,7.6,5.7,5.7,5.7,5.7,5.7,17.1,17.1,17.1,17.1,17.1,18.8,18.8,18.8,18.8,18.8,11.6,11.6,11.6,11.6,Sub-Saharan Africa,Upper middle income,,,,,,,,,,,,21.52,23.19,,,27.6,29.71,29.71,Republic,Hindus,608.3,15.03,11400.0,85.6,15.43,6.86
Malawi,MWI,9.8,5.6,5.6,8.3,9.3,9.3,9.3,9.3,14.0,13.6,13.6,13.0,13.0,20.8,20.8,22.3,22.3,22.3,16.7,16.7,16.7,16.7,16.7,Sub-Saharan Africa,Low income,,,,,,,,,,,,,,,,,,,Republic,Christians,109.8,103.32,600.0,62.7,43.13,19.33
Malaysia,MYS,5.1,7.8,7.8,,10.4,10.4,10.4,10.5,9.1,9.1,9.1,10.0,10.8,9.9,9.9,10.4,10.4,10.4,10.4,10.4,10.4,10.4,13.9,East Asia & Pacific,Upper middle income,,,,,,,,,,26.3,29.4,22.0,20.76,20.91,21.59,22.65,20.8,20.8,Constitutional Monarchy,Muslims,74.0,17.7,9000.0,88.7,22.86,5.05
Namibia,NAM,6.9,22.2,22.2,22.2,25.0,25.0,25.0,26.4,25.0,26.9,26.9,26.9,26.9,26.9,24.4,24.4,24.4,24.4,,41.3,41.3,41.3,46.2,Sub-Saharan Africa,Upper middle income,,,,,,,,,,,,,,,,,,,Republic,Christians,2.5,48.98,7200.0,84.0,24.32,18.86
Niger,NER,5.4,1.2,1.2,,1.2,1.2,1.2,1.2,12.4,12.4,12.4,12.4,12.4,9.7,,13.3,13.3,13.3,13.3,13.3,14.6,17.0,17.0,Sub-Saharan Africa,Low income,,,,,,,,,,,,,,,,,,,Republic,Muslims,9.9,121.69,800.0,17.6,50.73,20.91
Nigeria,NGA,,,,,3.4,3.4,3.4,4.9,4.7,6.4,6.1,7.0,7.0,7.0,7.0,6.8,6.7,6.7,6.7,5.6,5.6,5.6,5.6,Sub-Saharan Africa,Lower middle income,,,,,,,,,,,,,,,,,,,Republic,Christians,142.7,98.8,900.0,68.0,40.43,16.94
Nicaragua,NIC,14.8,10.8,10.8,9.7,9.7,,20.7,20.7,20.7,20.7,15.2,18.5,18.5,20.7,20.7,40.2,40.2,40.2,42.4,41.3,41.3,45.7,45.7,Latin America & Caribbean,Lower middle income,,,,,,,,,,,,,,,,,,,Republic,Christians,43.0,29.11,2300.0,67.5,24.51,4.45
Netherlands,NLD,21.3,31.3,36.0,36.0,36.0,36.0,34.0,36.7,36.7,36.7,36.7,39.3,41.3,42.0,40.7,40.7,38.7,38.7,38.7,37.3,37.3,36.0,36.0,Europe & Central Asia,High income,21.53,22.4,21.7,21.38,22.33,22.83,25.15,26.99,26.73,26.49,27.07,27.9,28.24,23.08,24.13,24.76,24.53,24.53,Constitutional Monarchy,Christians,397.1,5.04,28600.0,99.0,10.9,8.68
Norway,NOR,35.8,36.4,36.4,36.4,36.4,35.8,36.4,36.4,38.2,37.9,37.9,36.1,36.1,39.6,39.6,39.6,39.6,39.6,39.6,39.6,39.6,39.6,41.4,Europe & Central Asia,High income,24.74,25.64,27.66,28.18,29.71,31.04,33.95,33.29,32.64,34.55,35.03,31.2,31.16,31.35,33.32,33.66,35.4,35.4,Constitutional Monarchy,Christians,14.2,3.7,37800.0,100.0,11.46,9.4
Nepal,NPL,6.1,3.4,3.4,5.9,5.9,5.9,5.9,5.9,5.9,5.9,5.9,17.3,33.2,33.2,33.2,33.2,33.2,33.2,29.5,29.5,29.6,29.6,32.7,South Asia,Low income,,,,,,,,,,,,,,,,,,,Republic,Hindus,192.2,66.98,1400.0,45.2,30.98,9.31
Nauru,NRU,5.6,,0.0,0.0,,0.0,0.0,,0.0,0.0,0.0,0.0,0.0,0.0,0.0,0.0,0.0,5.3,5.3,5.3,5.3,10.5,10.5,East Asia & Pacific,Upper middle income,,,,,,,,,,,,,,,,,,,Republic,Christians,632.7,9.95,5000.0,,24.76,6.7
New Zealand,NZL,14.4,29.2,29.2,29.2,30.8,30.8,29.2,28.3,28.3,32.2,32.2,33.1,33.6,33.6,33.6,32.2,32.2,32.2,29.8,31.4,31.4,34.2,38.3,East Asia & Pacific,High income,,,,,,,,,,,,,,,,,,,Constitutional Monarchy,Christians,15.2,5.85,21600.0,99.0,13.76,7.53
Oman,OMN,,,,,,,,,2.4,2.4,2.4,0.0,0.0,0.0,0.0,1.2,1.2,1.2,1.2,1.2,1.2,1.2,1.2,Middle East & North Africa,High income,,,,,,,,,,,,,,,,,,,Absolute Monarchy,Muslims,14.6,19.51,13100.0,75.8,36.24,3.81
Pakistan,PAK,10.1,2.3,2.3,,,,21.1,21.6,21.3,21.3,21.3,21.1,22.5,22.2,22.2,22.5,22.5,20.7,20.7,20.6,20.6,20.6,20.6,South Asia,Lower middle income,,,,,,,,,,,,,,4.22,,,3.95,3.95,Republic,Muslims,206.2,72.44,2100.0,45.7,29.74,8.23
Panama,PAN,7.5,9.7,9.7,,9.9,9.9,9.9,9.9,16.7,16.7,16.7,16.7,16.7,8.5,8.5,8.5,8.5,8.5,19.3,18.3,18.3,18.3,18.3,Latin America & Caribbean,High income,,,,,,,,,,31.41,42.01,45.05,48.73,,43.54,,43.44,43.44,Republic,Christians,40.8,20.47,6300.0,92.6,21.74,5.36
Peru,PER,5.6,10.8,10.8,10.8,,17.5,17.5,17.5,18.3,18.3,29.2,29.2,29.2,27.5,27.5,21.5,21.5,21.5,22.3,22.3,27.7,27.7,27.7,Latin America & Caribbean,Upper middle income,,,,,,,,,,,,,,,,,,,Republic,Christians,22.0,31.94,5100.0,90.9,20.48,6.23
Philippines,PHL,9.1,11.1,12.4,12.4,11.3,17.8,17.8,17.8,15.3,15.3,15.3,20.5,20.5,21.0,22.1,22.9,22.9,27.1,27.3,27.2,29.8,29.5,29.5,East Asia & Pacific,Lower middle income,,61.32,,59.24,58.93,58.88,59.31,59.25,56.07,54.59,53.71,52.99,48.11,47.54,47.41,41.34,32.72,32.72,Republic,Christians,298.2,23.51,4600.0,92.6,24.89,5.41
Palau,PLW,,0.0,0.0,0.0,0.0,0.0,0.0,0.0,0.0,0.0,0.0,0.0,0.0,0.0,0.0,0.0,0.0,0.0,0.0,0.0,0.0,12.5,12.5,East Asia & Pacific,High income,,,,,,,,,,,,,,,,,,,Republic,Christians,44.9,14.84,9000.0,92.0,18.03,6.8
Papua New Guinea,PNG,0.0,1.8,1.8,1.8,1.8,1.8,,0.9,0.9,0.9,0.9,0.9,0.9,0.9,0.9,0.9,2.7,2.7,2.7,2.7,2.7,0.0,0.0,East Asia & Pacific,Lower middle income,,,,,,,,,,,,,,,,,,,Constitutional Monarchy,Christians,12.3,51.45,2200.0,64.6,29.36,7.25
Poland,POL,13.5,13.0,13.0,13.0,13.0,20.2,20.2,20.2,20.2,20.4,20.4,20.4,20.2,20.0,20.0,23.7,23.7,23.7,24.3,27.4,27.4,28.0,28.0,Europe & Central Asia,High income,31.35,27.67,29.32,33.98,35.35,34.06,36.06,37.12,36.2,36.04,37.46,35.91,35.04,35.45,36.36,37.43,38.12,38.12,Republic,Christians,123.3,8.51,11100.0,99.8,9.85,9.89
Portugal,PRT,7.6,13.0,13.0,18.7,17.4,18.7,19.1,19.1,19.1,21.3,21.3,28.3,28.3,27.4,27.4,28.7,28.7,28.7,31.3,34.8,34.8,34.8,34.8,Europe & Central Asia,High income,22.03,22.62,28.34,27.08,30.05,29.12,31.43,30.81,31.32,34.4,35.71,26.15,27.9,27.61,31.84,30.37,32.24,32.24,Republic,Christians,114.8,5.05,18000.0,93.3,10.72,10.5
Paraguay,PRY,5.6,2.5,,2.5,2.5,2.5,2.5,8.8,10.0,10.0,10.0,10.0,12.5,12.5,12.5,12.5,12.5,17.5,15.0,15.0,15.0,13.8,15.0,Latin America & Caribbean,Upper middle income,,,,,,,,,,,,,,,,,,,Republic,Christians,16.0,25.63,4700.0,94.0,29.1,4.49
Palestine,PSE,,,,,,,,,,,,,,,,,,,,,,,,Middle East & North Africa,Lower middle income,,,,,,,,,,,,,15.42,,,,,15.42,Republic,Muslims,4388.7,42.55,1400.0,,71.12,7.72
Qatar,QAT,,,,,,,,,,,0.0,0.0,0.0,0.0,0.0,0.0,0.0,0.0,0.0,0.0,0.0,0.0,9.8,Middle East & North Africa,High income,,,,,,,,,,,,,,,,,,,Absolute Monarchy,Muslims,77.4,18.61,21500.0,82.5,15.56,4.72
Romania,ROU,34.4,7.3,7.3,7.3,,10.7,10.7,10.7,11.4,11.2,11.2,9.4,11.4,11.4,11.4,11.2,13.3,13.3,13.5,13.7,13.7,20.7,20.7,Europe & Central Asia,Upper middle income,,,,,,31.69,33.69,32.55,34.34,36.4,36.28,31.85,30.83,30.58,30.73,31.53,32.42,32.42,Republic,Christians,93.9,26.43,7000.0,98.4,10.7,11.77
Russia,RUS,15.6,10.2,10.2,,7.7,7.6,7.6,7.6,9.8,9.8,9.8,14.0,14.0,14.0,14.0,13.6,13.6,13.6,13.6,13.6,12.7,15.8,15.8,Europe & Central Asia,Upper middle income,,,,,,,,,,,,,,,,,48.47,48.47,Republic,Christians,8.4,15.39,8900.0,99.6,9.95,14.65
Rwanda,RWA,17.1,17.1,17.1,17.1,25.7,25.7,25.7,48.8,48.8,48.8,48.8,48.8,56.3,56.3,56.3,56.3,56.3,63.8,63.8,63.8,63.8,61.3,61.3,Sub-Saharan Africa,Low income,,,,,,,,,,,,,,,,,,,Republic,Christians,328.4,91.23,1300.0,70.4,40.37,16.09
Saudi Arabia,SAU,,,,,,,,0.0,0.0,0.0,0.0,0.0,0.0,0.0,0.0,0.0,0.0,19.9,19.9,19.9,19.9,19.9,19.9,Middle East & North Africa,High income,,,,,,,,,,,,,,,,,,,Absolute Monarchy,Muslims,13.8,13.24,11800.0,78.8,29.34,2.58
Sudan,SDN,,5.3,5.3,,,9.7,9.7,9.7,9.7,14.7,17.8,18.1,18.1,18.9,25.6,24.6,24.6,24.6,24.3,30.5,30.5,30.5,30.5,Sub-Saharan Africa,Lower middle income,,,,,,,,,,,,,,,,,,,Republic,Muslims,16.5,62.5,1900.0,61.1,34.53,8.97
Senegal,SEN,12.5,11.7,12.1,12.1,12.1,16.7,19.2,19.2,19.2,19.2,19.2,22.0,22.0,22.7,22.7,22.7,42.7,42.7,43.3,42.7,42.7,41.8,41.8,Sub-Saharan Africa,Low income,,,,,,,,,,,,,,,,,,,Republic,Muslims,61.1,55.51,1600.0,40.2,32.78,9.42
Singapore,SGP,4.9,4.8,4.8,4.3,4.3,11.8,11.8,16.0,16.0,16.0,21.2,24.5,24.5,23.4,23.4,22.2,24.2,24.2,25.3,23.9,23.8,23.0,23.0,East Asia & Pacific,High income,,,,,,,,,,,,,,,,,,,Republic,Buddhists,6482.2,2.29,23700.0,92.5,9.34,4.28
Solomon Islands,SLB,0.0,,2.0,2.0,2.0,,0.0,0.0,0.0,0.0,0.0,0.0,0.0,0.0,0.0,0.0,2.0,2.0,2.0,2.0,2.0,2.0,4.0,East Asia & Pacific,Lower middle income,,,,,,,,,,,,,,,,,,,Constitutional Monarchy,Christians,19.4,21.29,1700.0,,30.01,3.92
Sierra Leone,SLE,,,,8.8,8.8,8.8,,14.5,14.5,14.5,14.5,13.2,13.2,13.2,13.2,12.9,12.4,12.4,12.1,12.4,12.4,12.4,12.3,Sub-Saharan Africa,Low income,,,,,,,,,,,,,,,,,,,Republic,Muslims,83.7,143.64,500.0,31.4,45.76,23.03
El Salvador,SLV,11.7,15.5,16.7,16.7,9.5,9.5,9.5,10.7,10.7,10.7,16.7,16.7,16.7,19.0,19.0,19.0,26.2,26.2,27.4,32.1,32.1,32.1,31.0,Latin America & Caribbean,Lower middle income,,,,,,,,,,,,,,42.69,35.58,40.67,34.08,34.08,Republic,Christians,324.3,25.1,4800.0,80.2,26.61,5.78
San Marino,SMR,11.7,11.7,13.3,13.3,13.3,16.7,16.7,16.7,16.7,16.7,11.7,11.7,15.0,16.7,16.7,18.3,16.7,18.3,18.3,16.7,16.7,26.7,26.7,Europe & Central Asia,High income,,,,,,,,,,,,,,,,,,,Republic,Christians,479.5,5.73,34600.0,96.0,10.02,8.17
Somalia,SOM,4.0,,,,,,,,,8.0,7.8,8.2,8.2,6.9,6.8,6.8,13.8,13.8,13.8,13.8,13.8,24.4,24.4,Sub-Saharan Africa,Low income,,,,,,,,,,,,,,,,,,,Republic,Muslims,13.9,116.7,500.0,37.8,45.13,16.63
Serbia,SRB,,,,,,,,,,,12.0,20.4,21.6,21.6,21.6,22.0,33.2,33.2,34.0,34.0,34.0,34.4,34.4,Europe & Central Asia,Upper middle income,,,,,,,,,,,,,,32.68,31.46,31.5,30.89,30.89,Republic,Christians,106.3,12.89,2200.0,93.0,,
São Tomé and Príncipe,STP,11.8,7.3,7.3,9.1,9.1,9.1,,9.1,9.1,9.1,7.3,1.8,7.3,7.3,18.2,18.2,18.2,18.2,18.2,18.2,18.2,18.2,18.2,Sub-Saharan Africa,Lower middle income,,,,,,,,,,,,,,,,,,,Republic,Christians,193.2,43.11,1200.0,79.3,40.25,6.47
Suriname,SUR,7.8,15.7,15.7,15.7,,17.6,17.6,17.6,19.6,25.5,25.5,25.5,25.5,25.5,9.8,11.8,11.8,11.8,11.8,25.5,25.5,25.5,25.5,Latin America & Caribbean,Upper middle income,,,,,,,,,,,,,,,,,,,Republic,Christians,2.7,23.57,4000.0,93.0,18.02,7.27
Slovenia,SVN,,7.8,7.8,7.8,,12.2,12.2,12.2,12.2,12.2,12.2,12.2,13.3,14.4,14.4,32.2,32.2,32.2,35.6,36.7,36.7,36.7,24.4,Europe & Central Asia,High income,34.61,36.43,35.77,41.92,40.2,42.02,41.97,37.55,43.29,44.69,43.25,38.92,40.26,38.55,36.47,36.98,41.77,41.77,Republic,Christians,99.2,4.45,19000.0,99.7,8.98,10.31
Sweden,SWE,38.4,40.4,40.4,42.7,42.7,42.7,45.0,45.3,45.3,45.3,47.3,47.0,47.0,46.4,45.0,44.7,44.7,44.7,44.7,43.6,43.6,43.6,46.1,Europe & Central Asia,High income,27.41,31.22,32.14,30.52,31.59,31.88,31.74,31.02,30.82,31.13,31.34,33.52,34.49,35.51,37.45,39.79,39.51,39.51,Constitutional Monarchy,Christians,20.0,2.77,26800.0,99.0,10.27,10.31
Seychelles,SYC,16.0,27.3,23.5,23.5,23.5,23.5,29.4,29.4,29.4,29.4,29.4,23.5,23.5,23.5,23.5,43.8,43.8,43.8,43.8,43.8,21.2,21.2,21.2,Sub-Saharan Africa,High income,,,,,,,,,,,,39.85,,,,,,39.85,Republic,Christians,179.2,15.53,7800.0,58.0,16.03,6.29
Syria,SYR,9.2,9.6,9.6,10.4,10.4,10.4,10.4,12.0,12.0,12.0,12.0,12.0,12.4,12.4,12.4,12.4,12.0,12.0,12.0,12.4,13.2,13.2,13.2,Middle East & North Africa,Low income,,,,,,,,,,,,,,,,,,,Republic,Muslims,102.0,29.53,3300.0,76.9,27.76,4.81
Chad,TCD,,2.4,2.4,2.4,2.4,2.4,,5.8,6.5,6.5,6.5,5.2,5.2,5.2,5.2,12.8,14.9,14.9,14.9,14.9,14.9,12.8,15.3,Sub-Saharan Africa,Low income,,,,,,,,,,,,,,,,,,,Republic,Muslims,7.7,93.82,1200.0,47.5,45.73,16.38
Togo,TGO,5.2,1.2,1.2,,4.9,4.9,4.9,7.4,6.2,7.4,8.6,11.1,11.1,11.1,11.1,11.1,11.1,15.4,17.6,17.6,17.6,17.6,17.6,Sub-Saharan Africa,Low income,,,,,,,,,,,,,,,,,,,Republic,Christians,97.7,66.61,1500.0,60.9,37.01,9.83
Thailand,THA,2.8,5.6,5.6,5.6,4.8,9.2,9.2,9.2,8.8,10.6,8.7,11.7,11.7,13.3,13.3,15.8,15.8,15.8,6.1,6.1,6.1,4.8,5.3,East Asia & Pacific,Upper middle income,,,,,,,,,,,,22.12,25.59,27.1,29.37,29.83,29.02,29.02,Constitutional Monarchy,Buddhists,125.7,20.48,7400.0,92.6,13.87,7.04
Tajikistan,TJK,,2.8,2.8,2.8,15.0,12.7,12.7,12.7,12.7,17.5,17.5,17.5,17.5,17.5,19.0,19.0,19.0,19.0,16.9,19.0,19.0,19.0,19.0,Europe & Central Asia,Low income,,,,,,,,,,,,,,,,,,,Republic,Muslims,51.2,110.76,1000.0,99.4,32.65,8.25
Turkmenistan,TKM,26.0,18.0,18.0,,26.0,26.0,26.0,26.0,,16.0,16.0,16.0,,16.8,16.8,16.8,16.8,16.8,26.4,25.8,25.8,25.8,24.8,Europe & Central Asia,Upper middle income,,,,,,,,,,,,,,,,,,,Republic,Muslims,10.3,73.08,5800.0,98.0,27.61,8.6
Tonga,TON,0.0,0.0,0.0,,0.0,0.0,,0.0,0.0,3.4,3.3,3.3,3.1,3.1,0.0,3.6,3.6,3.6,0.0,0.0,0.0,3.8,7.4,East Asia & Pacific,Upper middle income,,,,,,,,,,,,,,,,,,,Constitutional Monarchy,Christians,153.3,12.62,2200.0,98.5,25.37,5.28
Trinidad and Tobago,TTO,16.7,11.1,11.1,11.1,,11.1,19.4,19.4,19.4,19.4,19.4,26.8,26.8,26.8,28.6,28.6,28.6,28.6,28.6,31.0,31.0,31.0,31.0,Latin America & Caribbean,High income,,,,,,,,,,,,,,,,,,,Republic,Christians,207.9,24.31,9500.0,98.6,12.9,10.57
Tunisia,TUN,4.3,6.7,7.4,11.5,11.5,11.5,11.5,11.5,22.8,22.8,22.8,22.8,22.8,27.6,27.6,26.7,26.7,26.7,31.3,31.3,31.3,31.3,31.3,Middle East & North Africa,Lower middle income,,,,,,,,,,,,,,,,,,,Republic,Muslims,62.2,24.77,6900.0,74.2,15.52,5.13
Turkey,TUR,1.3,2.4,2.4,4.2,4.2,4.2,,4.4,4.4,4.4,4.4,9.1,9.1,9.1,9.1,14.2,14.2,14.4,14.4,14.9,14.9,14.6,17.4,Europe & Central Asia,Upper middle income,,,,,,,17.26,18.0,19.38,20.08,18.76,13.0,14.34,16.57,15.54,14.43,16.7,16.7,Republic,Muslims,90.2,41.04,6700.0,86.5,16.62,5.97
Tuvalu,TUV,7.7,8.3,,0.0,0.0,0.0,,0.0,0.0,0.0,0.0,0.0,0.0,0.0,0.0,6.7,6.7,6.7,6.7,6.7,6.7,6.7,6.7,East Asia & Pacific,Upper middle income,,,,,,,,,,,,,,,,,,,Constitutional Monarchy,Christians,454.2,20.03,1100.0,,22.18,7.11
Tanzania,TZA,,17.5,17.5,16.4,,22.3,22.3,21.4,21.4,30.4,30.4,30.4,30.4,30.7,,36.0,36.0,36.0,36.0,36.0,36.6,36.4,37.2,Sub-Saharan Africa,Low income,,,,,,,,,,,,,,,,,,,Republic,Christians,39.6,98.54,600.0,78.2,37.71,16.39
Uganda,UGA,12.2,18.1,18.1,17.9,17.8,24.7,24.7,24.7,23.9,23.9,29.8,30.7,30.7,31.5,31.3,35.0,35.0,35.0,35.0,35.0,33.5,34.3,34.3,Sub-Saharan Africa,Low income,,,,,,,,,,,,,31.47,,,,,31.47,Republic,Christians,119.5,67.83,1400.0,69.9,47.35,12.24
Ukraine,UKR,,3.8,,7.8,7.8,7.8,,5.3,5.3,5.3,8.7,8.2,8.2,8.0,8.0,8.0,9.4,9.4,11.7,12.1,12.0,12.3,12.3,Europe & Central Asia,Lower middle income,,,,,,,,,,42.72,42.49,,,39.66,39.03,41.37,,41.37,Republic,Christians,77.4,20.34,5400.0,99.7,8.82,14.39
Uruguay,URY,6.1,7.1,7.1,12.1,12.1,12.1,12.1,12.1,12.1,11.1,11.1,12.1,12.1,14.1,15.2,12.1,12.1,12.1,16.2,16.2,16.2,20.2,20.2,Latin America & Caribbean,High income,,,,,,,,,,,,31.24,36.47,34.18,31.8,34.01,33.67,33.67,Republic,Christians,19.5,11.95,12800.0,98.0,13.91,9.05
United States,USA,6.6,11.7,11.7,13.3,,14.0,13.8,14.3,14.9,15.2,16.3,16.8,17.0,16.8,16.8,16.8,18.0,17.9,19.3,19.4,19.4,19.4,19.6,North America,High income,,,,,,,,,,,,,,,,,,,Republic,Christians,31.0,6.5,37800.0,97.0,14.14,8.26
Uzbekistan,UZB,,6.0,6.0,,7.2,7.2,7.2,7.2,17.5,17.5,17.5,17.5,17.5,22.0,22.0,22.0,22.0,22.0,22.0,16.0,16.0,16.0,16.0,Europe & Central Asia,Lower middle income,,,,,,,,,,,,,,,,,,,Republic,Muslims,61.0,71.1,1700.0,99.3,26.36,7.84
Saint Vincent and the Grenadines,VCT,9.5,9.5,,4.8,4.8,,22.7,22.7,22.7,18.2,18.2,18.2,18.2,21.7,14.3,17.4,17.4,13.0,13.0,13.0,13.0,13.0,13.0,Latin America & Caribbean,Upper middle income,,,,,,,,,,,,,,,,,,,Constitutional Monarchy,Christians,303.0,14.78,2900.0,96.0,16.18,5.98
Venezuela,VEN,10.0,5.9,5.9,12.1,,9.7,9.7,9.7,9.7,17.4,18.0,18.6,18.6,17.5,17.0,17.0,17.0,17.0,17.0,17.0,14.4,22.2,22.2,Latin America & Caribbean,Upper middle income,,,,,,,,,,,,,,,,,,,Republic,Christians,28.2,22.2,4800.0,93.4,18.71,4.92
Vietnam,VNM,17.7,26.2,26.2,26.0,26.0,26.0,27.3,27.3,27.3,27.3,27.3,25.8,25.8,25.8,25.8,24.4,24.4,24.4,24.3,24.3,26.7,26.7,26.7,East Asia & Pacific,Lower middle income,,,,,,,,,,,,,,,,,,,Republic,Folk Religions,256.1,25.95,2500.0,90.3,16.86,6.22
Vanuatu,VUT,4.3,,,0.0,0.0,0.0,1.9,1.9,3.8,3.8,3.8,3.8,3.8,3.8,3.8,1.9,0.0,0.0,0.0,0.0,0.0,0.0,0.0,East Asia & Pacific,Lower middle income,,,,,,,,,,,,,,,,,,,Republic,Christians,17.1,55.16,2900.0,53.0,22.72,7.82
Samoa,WSM,0.0,4.1,4.1,8.2,8.2,6.1,6.1,6.1,6.1,6.1,6.1,8.2,8.2,8.2,8.2,4.1,4.1,4.1,6.1,6.1,10.0,10.0,10.0,East Asia & Pacific,Upper middle income,,,,,,,,,,,,,41.63,,,,,41.63,Republic,Christians,60.1,27.71,5600.0,99.7,16.43,6.62
South Africa,ZAF,2.8,25.0,28.8,30.0,29.8,29.8,29.8,29.8,32.8,32.8,32.8,33.0,33.0,44.5,44.5,42.3,42.3,42.3,41.5,42.0,41.8,42.0,42.3,Sub-Saharan Africa,Upper middle income,,,,,,,,,,,,,,,,29.74,,29.74,Republic,Christians,36.2,61.81,10700.0,86.4,18.2,22.0
Zambia,ZMB,6.6,9.7,10.3,10.1,10.1,10.1,12.0,12.0,12.0,12.7,14.6,15.2,15.2,14.0,14.0,11.5,11.5,11.5,10.8,12.7,18.0,18.0,18.0,Sub-Saharan Africa,Lower middle income,,,,,,,,,,,,,,,,,,,Republic,Christians,15.3,88.29,800.0,80.6,41.0,19.93
Zimbabwe,ZWE,11.0,14.7,14.7,14.0,9.3,10.0,10.0,10.0,10.0,16.0,16.7,16.0,15.2,15.0,15.0,15.0,15.0,31.5,31.5,31.5,31.5,32.6,31.5,Sub-Saharan Africa,Low income,,,,,,,,,,,,,,,,,,,Republic,Christians,31.3,67.69,1900.0,90.7,28.01,21.84
